Handle,Title,Body (HTML),Vendor,Type,Tags,Published,Option1 Name,Option1 Value,Variant SKU,Variant Grams,Variant Inventory Tracker,Variant Inventory Qty,Variant Inventory Policy,Variant Fulfillment Service,Variant Price,Variant Compare At Price,Variant Requires Shipping,Variant Taxable,Variant Barcode,Image Src,Image Position,Image Alt Text,Gift Card,SEO Title,SEO Description,Variant Weight Unit,Status,Metafield: custom.style_code [single_line_text_field],Metafield: custom.fabric [single_line_text_field],Metafield: custom.colour [single_line_text_field],Metafield: custom.fit [single_line_text_field],Metafield: custom.neckline [single_line_text_field],Metafield: custom.sleeves [single_line_text_field],Metafield: custom.bottom [single_line_text_field],Metafield: custom.dupatta [single_line_text_field],Metafield: custom.pattern [single_line_text_field],Metafield: custom.length [single_line_text_field],Metafield: custom.care_instructions [single_line_text_field],Metafield: custom.net_quantity [single_line_text_field],Metafield: custom.model_size [single_line_text_field],Metafield: custom.country_of_origin [single_line_text_field],Metafield: custom.marketed_by [multi_line_text_field],Metafield: custom.manufactured_by [multi_line_text_field]
black-printed-flared-cotton-kurta-pant-dupatta-set,Black Printed Flared Cotton Kurta Pant Dupatta Set,"<p>This Black Printed 3-Piece Kurta Pant Dupatta Set, crafted from soft and breathable cotton fabric for all-day comfort. The beautifully flared kurta features a graceful silhouette enhanced with intricate geometric and floral prints, complemented by a stylish V-neckline and detailed border accents. Paired with solid black straight pants and a coordinated printed dupatta, this ensemble offers a perfect blend of traditional elegance and contemporary style.</p><h3>Key Features</h3><ul><li><strong>Product Type:</strong> 3-Piece Kurta Pant Dupatta Set</li><li><strong>Colour:</strong> Black</li><li><strong>Fabric:</strong> Cotton</li><li><strong>Fit:</strong> Flared Fit</li><li><strong>Neckline:</strong> V-Neck</li><li><strong>Sleeves:</strong> Three-Quarter Sleeves</li><li><strong>Bottom:</strong> Solid Straight Cotton Pants</li><li><strong>Dupatta:</strong> Printed Cotton Dupatta</li><li><strong>Care Instructions:</strong> Gentle Machine Wash or Hand Wash Separately</li><li><strong>Net Quantity:</strong> 3</li><li><strong>Model Size:</strong> The model (height 5'6) is wearing a size M</li></ul>",Raa Vedic,Kurta Set,"3 Piece Set, Cotton, Above 3500, Under the Neem Trees, Black, Flared, Printed, Floral",TRUE,Size,S,10001-BLACK-S,700,shopify,10,deny,manual,3599,,TRUE,TRUE,8903629371983,https://raw.githubusercontent.com/shardulpandey/raavedic-product-images/main/10001-black-01.jpg,1,"Black Printed Flared Cotton Kurta Pant Dupatta Set, view 1",FALSE,Black Printed Flared Cotton Kurta Pant Dupatta Set | Raa Vedic,"This Black Printed 3-Piece Kurta Pant Dupatta Set, crafted from soft and breathable cotton fabric for all-day comfort. The beautifully flared kurta features a graceful silhouette enhanced with intricate geometric and floral prints, complemented by a stylish V-neckline and detailed border accents. Paired with solid blac",g,active,10001,Cotton,Black,Flared Fit,V-Neck,Three-Quarter Sleeves,Solid Straight Cotton Pants,Printed Cotton Dupatta,,,Gentle Machine Wash or Hand Wash Separately,3,The model (height 5'6) is wearing a size M,India,"Vedic Apparel Pvt Ltd, 2B,2nd floor, Sambhav House, Premchandnagar Road, Judges Bunglow Rd, Bodakdev, Ahmedabad, Gujarat 380015","Vedic Apparel Pvt Ltd, 2B,2nd floor, Sambhav House, Premchandnagar Road, Judges Bunglow Rd, Bodakdev, Ahmedabad, Gujarat 380015"
black-printed-flared-cotton-kurta-pant-dupatta-set,,,,,,,Size,M,10001-BLACK-M,700,shopify,10,deny,manual,3599,,TRUE,TRUE,8903629371990,https://raw.githubusercontent.com/shardulpandey/raavedic-product-images/main/10001-black-02.jpg,2,"Black Printed Flared Cotton Kurta Pant Dupatta Set, view 2",,,,g,,,,,,,,,,,,,,,,,
black-printed-flared-cotton-kurta-pant-dupatta-set,,,,,,,Size,L,10001-BLACK-L,700,shopify,10,deny,manual,3599,,TRUE,TRUE,8903629372003,https://raw.githubusercontent.com/shardulpandey/raavedic-product-images/main/10001-black-03.jpg,3,"Black Printed Flared Cotton Kurta Pant Dupatta Set, view 3",,,,g,,,,,,,,,,,,,,,,,
black-printed-flared-cotton-kurta-pant-dupatta-set,,,,,,,Size,XL,10001-BLACK-XL,700,shopify,10,deny,manual,3599,,TRUE,TRUE,8903629372010,https://raw.githubusercontent.com/shardulpandey/raavedic-product-images/main/10001-black-04.jpg,4,"Black Printed Flared Cotton Kurta Pant Dupatta Set, view 4",,,,g,,,,,,,,,,,,,,,,,
black-printed-flared-cotton-kurta-pant-dupatta-set,,,,,,,Size,XXL,10001-BLACK-XXL,700,shopify,10,deny,manual,3599,,TRUE,TRUE,8903629372027,https://raw.githubusercontent.com/shardulpandey/raavedic-product-images/main/10001-black-05.jpg,5,"Black Printed Flared Cotton Kurta Pant Dupatta Set, view 5",,,,g,,,,,,,,,,,,,,,,,
black-printed-flared-cotton-kurta-pant-dupatta-set,,,,,,,,,,,,,,,,,,,,https://raw.githubusercontent.com/shardulpandey/raavedic-product-images/main/10001-black-06.jpg,6,"Black Printed Flared Cotton Kurta Pant Dupatta Set, view 6",,,,,,,,,,,,,,,,,,,,,
black-printed-flared-cotton-kurta-pant-dupatta-set,,,,,,,,,,,,,,,,,,,,https://raw.githubusercontent.com/shardulpandey/raavedic-product-images/main/10001-black-07.jpg,7,"Black Printed Flared Cotton Kurta Pant Dupatta Set, view 7",,,,,,,,,,,,,,,,,,,,,
black-printed-flared-cotton-kurta-pant-dupatta-set,,,,,,,,,,,,,,,,,,,,https://raw.githubusercontent.com/shardulpandey/raavedic-product-images/main/10001-black-08.jpg,8,"Black Printed Flared Cotton Kurta Pant Dupatta Set, view 8",,,,,,,,,,,,,,,,,,,,,
navy-printed-flared-cotton-kurta-pant-dupatta-set,Navy Printed Flared Cotton Kurta Pant Dupatta Set,"<p>This Navy Printed 3-Piece Kurta Pant Dupatta Set, crafted from premium cotton fabric for breathable comfort and effortless style. The beautifully flared kurta features intricate traditional block-inspired prints with an elegant V-neckline and detailed border accents, creating a graceful silhouette. Paired with solid straight pants and a coordinated printed dupatta, this ensemble is perfect for festive occasions, family gatherings, office wear, and cultural celebrations.</p><h3>Key Features</h3><ul><li><strong>Product Type:</strong> 3-Piece Kurta Pant Dupatta Set</li><li><strong>Colour:</strong> Navy</li><li><strong>Fabric:</strong> Cotton</li><li><strong>Fit:</strong> Flared Fit</li><li><strong>Neckline:</strong> V-Neck</li><li><strong>Sleeves:</strong> Three-Quarter Sleeves</li><li><strong>Bottom:</strong> Solid Straight Cotton Pants</li><li><strong>Dupatta:</strong> Coordinated Printed Cotton Dupatta</li><li><strong>Care Instructions:</strong> Gentle Machine Wash or Hand Wash Separately</li><li><strong>Net Quantity:</strong> 3</li><li><strong>Model Size:</strong> The model (height 5'6) is wearing a size M</li></ul>",Raa Vedic,Kurta Set,"3 Piece Set, Cotton, Above 3500, Under the Neem Trees, Navy, Flared, Printed, Festive, Office Wear, Family Gatherings",TRUE,Size,S,10001-NAVY-S,700,shopify,10,deny,manual,3599,,TRUE,TRUE,8903629371938,https://raw.githubusercontent.com/shardulpandey/raavedic-product-images/main/10001-navy-01.jpg,1,"Navy Printed Flared Cotton Kurta Pant Dupatta Set, view 1",FALSE,Navy Printed Flared Cotton Kurta Pant Dupatta Set | Raa Vedic,"This Navy Printed 3-Piece Kurta Pant Dupatta Set, crafted from premium cotton fabric for breathable comfort and effortless style. The beautifully flared kurta features intricate traditional block-inspired prints with an elegant V-neckline and detailed border accents, creating a graceful silhouette. Paired with solid st",g,active,10001,Cotton,Navy,Flared Fit,V-Neck,Three-Quarter Sleeves,Solid Straight Cotton Pants,Coordinated Printed Cotton Dupatta,,,Gentle Machine Wash or Hand Wash Separately,3,The model (height 5'6) is wearing a size M,India,"Vedic Apparel Pvt Ltd, 2B,2nd floor, Sambhav House, Premchandnagar Road, Judges Bunglow Rd, Bodakdev, Ahmedabad, Gujarat 380015","Vedic Apparel Pvt Ltd, 2B,2nd floor, Sambhav House, Premchandnagar Road, Judges Bunglow Rd, Bodakdev, Ahmedabad, Gujarat 380015"
navy-printed-flared-cotton-kurta-pant-dupatta-set,,,,,,,Size,M,10001-NAVY-M,700,shopify,10,deny,manual,3599,,TRUE,TRUE,8903629371945,https://raw.githubusercontent.com/shardulpandey/raavedic-product-images/main/10001-navy-02.jpg,2,"Navy Printed Flared Cotton Kurta Pant Dupatta Set, view 2",,,,g,,,,,,,,,,,,,,,,,
navy-printed-flared-cotton-kurta-pant-dupatta-set,,,,,,,Size,L,10001-NAVY-L,700,shopify,10,deny,manual,3599,,TRUE,TRUE,8903629371952,https://raw.githubusercontent.com/shardulpandey/raavedic-product-images/main/10001-navy-03.jpg,3,"Navy Printed Flared Cotton Kurta Pant Dupatta Set, view 3",,,,g,,,,,,,,,,,,,,,,,
navy-printed-flared-cotton-kurta-pant-dupatta-set,,,,,,,Size,XL,10001-NAVY-XL,700,shopify,10,deny,manual,3599,,TRUE,TRUE,8903629371969,https://raw.githubusercontent.com/shardulpandey/raavedic-product-images/main/10001-navy-04.jpg,4,"Navy Printed Flared Cotton Kurta Pant Dupatta Set, view 4",,,,g,,,,,,,,,,,,,,,,,
navy-printed-flared-cotton-kurta-pant-dupatta-set,,,,,,,Size,XXL,10001-NAVY-XXL,700,shopify,10,deny,manual,3599,,TRUE,TRUE,8903629371976,https://raw.githubusercontent.com/shardulpandey/raavedic-product-images/main/10001-navy-05.jpg,5,"Navy Printed Flared Cotton Kurta Pant Dupatta Set, view 5",,,,g,,,,,,,,,,,,,,,,,
navy-printed-flared-cotton-kurta-pant-dupatta-set,,,,,,,,,,,,,,,,,,,,https://raw.githubusercontent.com/shardulpandey/raavedic-product-images/main/10001-navy-06.jpg,6,"Navy Printed Flared Cotton Kurta Pant Dupatta Set, view 6",,,,,,,,,,,,,,,,,,,,,
navy-printed-flared-cotton-kurta-pant-dupatta-set,,,,,,,,,,,,,,,,,,,,https://raw.githubusercontent.com/shardulpandey/raavedic-product-images/main/10001-navy-07.jpg,7,"Navy Printed Flared Cotton Kurta Pant Dupatta Set, view 7",,,,,,,,,,,,,,,,,,,,,
navy-printed-flared-cotton-kurta-pant-dupatta-set,,,,,,,,,,,,,,,,,,,,https://raw.githubusercontent.com/shardulpandey/raavedic-product-images/main/10001-navy-08.jpg,8,"Navy Printed Flared Cotton Kurta Pant Dupatta Set, view 8",,,,,,,,,,,,,,,,,,,,,
white-pink-floral-printed-cotton-straight-kurta-pant-set-10053a,White & Pink Floral Printed Cotton Straight Kurta Pant Set,"<p>This elegant White & Pink Floral Printed 2-Piece Kurta Pant Set, crafted from premium cotton fabric for exceptional comfort and breathability. The straight-fit white kurta features an all-over floral print in soft pink hues, complemented by a flattering V-neckline and printed border detailing on the sleeves and hem. Paired with matching solid white straight pants.</p><h3>Key Features</h3><ul><li><strong>Product Type:</strong> 2 Piece Set</li><li><strong>Colour:</strong> White & Pink</li><li><strong>Fabric:</strong> Cotton</li></ul>",Raa Vedic,Kurta Set,"2 Piece Set, Cotton, 1500 to 2500, Under the Neem Trees, White & Pink, White, Pink, Straight Fit, Printed, Floral",TRUE,Size,S,10053A-WHITEPIN-S,520,shopify,10,deny,manual,1999,,TRUE,TRUE,8903629426768,https://raw.githubusercontent.com/shardulpandey/raavedic-product-images/main/10053a-white-and-pink-01.jpg,1,"White & Pink Floral Printed Cotton Straight Kurta Pant Set, view 1",FALSE,White & Pink Floral Printed Cotton Straight Kurta Pant Set | Raa Vedic,"This elegant White & Pink Floral Printed 2-Piece Kurta Pant Set, crafted from premium cotton fabric for exceptional comfort and breathability. The straight-fit white kurta features an all-over floral print in soft pink hues, complemented by a flattering V-neckline and printed border detailing on the sleeves and hem. Pa",g,active,10053A,Cotton,White & Pink,,,,,,,,,,,India,"Vedic Apparel Pvt Ltd, 2B,2nd floor, Sambhav House, Premchandnagar Road, Judges Bunglow Rd, Bodakdev, Ahmedabad, Gujarat 380015","Vedic Apparel Pvt Ltd, 2B,2nd floor, Sambhav House, Premchandnagar Road, Judges Bunglow Rd, Bodakdev, Ahmedabad, Gujarat 380015"
white-pink-floral-printed-cotton-straight-kurta-pant-set-10053a,,,,,,,Size,M,10053A-WHITEPIN-M,520,shopify,10,deny,manual,1999,,TRUE,TRUE,8903629426775,https://raw.githubusercontent.com/shardulpandey/raavedic-product-images/main/10053a-white-and-pink-02.jpg,2,"White & Pink Floral Printed Cotton Straight Kurta Pant Set, view 2",,,,g,,,,,,,,,,,,,,,,,
white-pink-floral-printed-cotton-straight-kurta-pant-set-10053a,,,,,,,Size,L,10053A-WHITEPIN-L,520,shopify,10,deny,manual,1999,,TRUE,TRUE,8903629426782,https://raw.githubusercontent.com/shardulpandey/raavedic-product-images/main/10053a-white-and-pink-03.jpg,3,"White & Pink Floral Printed Cotton Straight Kurta Pant Set, view 3",,,,g,,,,,,,,,,,,,,,,,
white-pink-floral-printed-cotton-straight-kurta-pant-set-10053a,,,,,,,Size,XL,10053A-WHITEPIN-XL,520,shopify,10,deny,manual,1999,,TRUE,TRUE,8903629426799,https://raw.githubusercontent.com/shardulpandey/raavedic-product-images/main/10053a-white-and-pink-04.jpg,4,"White & Pink Floral Printed Cotton Straight Kurta Pant Set, view 4",,,,g,,,,,,,,,,,,,,,,,
white-pink-floral-printed-cotton-straight-kurta-pant-set-10053a,,,,,,,Size,XXL,10053A-WHITEPIN-XXL,520,shopify,10,deny,manual,1999,,TRUE,TRUE,8903629426805,https://raw.githubusercontent.com/shardulpandey/raavedic-product-images/main/10053a-white-and-pink-05.jpg,5,"White & Pink Floral Printed Cotton Straight Kurta Pant Set, view 5",,,,g,,,,,,,,,,,,,,,,,
white-pink-floral-printed-cotton-straight-kurta-pant-set-10053a,,,,,,,,,,,,,,,,,,,,https://raw.githubusercontent.com/shardulpandey/raavedic-product-images/main/10053a-white-and-pink-06.jpg,6,"White & Pink Floral Printed Cotton Straight Kurta Pant Set, view 6",,,,,,,,,,,,,,,,,,,,,
white-pink-floral-printed-cotton-straight-kurta-pant-set-10053a,,,,,,,,,,,,,,,,,,,,https://raw.githubusercontent.com/shardulpandey/raavedic-product-images/main/10053a-white-and-pink-07.jpg,7,"White & Pink Floral Printed Cotton Straight Kurta Pant Set, view 7",,,,,,,,,,,,,,,,,,,,,
white-pink-floral-printed-cotton-straight-kurta-pant-set-10053a,,,,,,,,,,,,,,,,,,,,https://raw.githubusercontent.com/shardulpandey/raavedic-product-images/main/10053a-white-and-pink-08.jpg,8,"White & Pink Floral Printed Cotton Straight Kurta Pant Set, view 8",,,,,,,,,,,,,,,,,,,,,
peach-floral-printed-fendy-silk-straight-kurta-pant-set,Peach Floral Printed Fendy Silk Straight Kurta Pant Set |,"<p>This Peach Floral Printed 3-Piece Kurta Pant Set, crafted from premium Fendy Silk fabric that offers a soft texture, graceful drape, and luxurious feel. The straight-fit kurta features a delicate floral print along the hem, complemented by subtle embellishments on the neckline for a sophisticated finish. Paired with matching straight pants, this ensemble is perfect for festive occasions, family gatherings, office wear, and elegant daytime celebrations.</p><h3>Key Features</h3><ul><li><strong>Product Type:</strong> -3 Piece Kurta Pant Set</li><li><strong>Colour:</strong> Peach</li><li><strong>Fabric:</strong> Fendy Silk</li><li><strong>Fit:</strong> Straight Fit</li><li><strong>Pattern:</strong> Floral Printed</li><li><strong>Neckline:</strong> Round Neck</li><li><strong>Sleeves:</strong> Three-Quarter Sleeves</li><li><strong>Bottom:</strong> Solid Straight Pants</li><li><strong>Care Instructions:</strong> Dry Clean Recommended or Gentle Hand Wash</li><li><strong>Net Quantity:</strong> 3</li><li><strong>Model Size:</strong> The model (height 5'6) is wearing a size M</li></ul>",Raa Vedic,Kurta Set,"2 Piece Set, Fendy Silk, 1500 to 2500, Under the Neem Trees, Peach, Straight Fit, Printed, Floral, Festive, Office Wear, Family Gatherings, Daytime Celebrations",TRUE,Size,S,10003-PEACH-S,520,shopify,10,deny,manual,2499,,TRUE,TRUE,8903629372287,https://raw.githubusercontent.com/shardulpandey/raavedic-product-images/main/10003-peach-01.jpg,1,"Peach Floral Printed Fendy Silk Straight Kurta Pant Set |, view 1",FALSE,Peach Floral Printed Fendy Silk Straight Kurta Pant Set | | Raa Vedic,"This Peach Floral Printed 3-Piece Kurta Pant Set, crafted from premium Fendy Silk fabric that offers a soft texture, graceful drape, and luxurious feel. The straight-fit kurta features a delicate floral print along the hem, complemented by subtle embellishments on the neckline for a sophisticated finish. Paired with ma",g,active,10003,Fendy Silk,Peach,Straight Fit,Round Neck,Three-Quarter Sleeves,Solid Straight Pants,,Floral Printed,,Dry Clean Recommended or Gentle Hand Wash,3,The model (height 5'6) is wearing a size M,India,"Vedic Apparel Pvt Ltd, 2B,2nd floor, Sambhav House, Premchandnagar Road, Judges Bunglow Rd, Bodakdev, Ahmedabad, Gujarat 380015","Vedic Apparel Pvt Ltd, 2B,2nd floor, Sambhav House, Premchandnagar Road, Judges Bunglow Rd, Bodakdev, Ahmedabad, Gujarat 380015"
peach-floral-printed-fendy-silk-straight-kurta-pant-set,,,,,,,Size,M,10003-PEACH-M,520,shopify,10,deny,manual,2499,,TRUE,TRUE,8903629372294,https://raw.githubusercontent.com/shardulpandey/raavedic-product-images/main/10003-peach-02.jpg,2,"Peach Floral Printed Fendy Silk Straight Kurta Pant Set |, view 2",,,,g,,,,,,,,,,,,,,,,,
peach-floral-printed-fendy-silk-straight-kurta-pant-set,,,,,,,Size,L,10003-PEACH-L,520,shopify,10,deny,manual,2499,,TRUE,TRUE,8903629372300,https://raw.githubusercontent.com/shardulpandey/raavedic-product-images/main/10003-peach-03.jpg,3,"Peach Floral Printed Fendy Silk Straight Kurta Pant Set |, view 3",,,,g,,,,,,,,,,,,,,,,,
peach-floral-printed-fendy-silk-straight-kurta-pant-set,,,,,,,Size,XL,10003-PEACH-XL,520,shopify,10,deny,manual,2499,,TRUE,TRUE,8903629372317,https://raw.githubusercontent.com/shardulpandey/raavedic-product-images/main/10003-peach-04.jpg,4,"Peach Floral Printed Fendy Silk Straight Kurta Pant Set |, view 4",,,,g,,,,,,,,,,,,,,,,,
peach-floral-printed-fendy-silk-straight-kurta-pant-set,,,,,,,Size,XXL,10003-PEACH-XXL,520,shopify,10,deny,manual,2499,,TRUE,TRUE,8903629372324,https://raw.githubusercontent.com/shardulpandey/raavedic-product-images/main/10003-peach-05.jpg,5,"Peach Floral Printed Fendy Silk Straight Kurta Pant Set |, view 5",,,,g,,,,,,,,,,,,,,,,,
peach-floral-printed-fendy-silk-straight-kurta-pant-set,,,,,,,,,,,,,,,,,,,,https://raw.githubusercontent.com/shardulpandey/raavedic-product-images/main/10003-peach-06.jpg,6,"Peach Floral Printed Fendy Silk Straight Kurta Pant Set |, view 6",,,,,,,,,,,,,,,,,,,,,
peach-floral-printed-fendy-silk-straight-kurta-pant-set,,,,,,,,,,,,,,,,,,,,https://raw.githubusercontent.com/shardulpandey/raavedic-product-images/main/10003-peach-07.jpg,7,"Peach Floral Printed Fendy Silk Straight Kurta Pant Set |, view 7",,,,,,,,,,,,,,,,,,,,,
peach-floral-printed-fendy-silk-straight-kurta-pant-set,,,,,,,,,,,,,,,,,,,,https://raw.githubusercontent.com/shardulpandey/raavedic-product-images/main/10003-peach-08.jpg,8,"Peach Floral Printed Fendy Silk Straight Kurta Pant Set |, view 8",,,,,,,,,,,,,,,,,,,,,
peach-floral-printed-fendy-silk-straight-kurta-pant-set,,,,,,,,,,,,,,,,,,,,https://raw.githubusercontent.com/shardulpandey/raavedic-product-images/main/10003-peach-09.jpg,9,"Peach Floral Printed Fendy Silk Straight Kurta Pant Set |, view 9",,,,,,,,,,,,,,,,,,,,,
blue-floral-printed-fendy-silk-straight-kurta-pant-set,Blue Floral Printed Fendy Silk Straight Kurta Pant Set,"<p>This elegant Blue Floral Printed 2-Piece Kurta Pant Set, crafted from premium Fendy Silk fabric for a luxurious feel and graceful drape. The straight-fit kurta features delicate floral prints along the hem, accented with subtle motifs throughout and contrast yellow piping on the neckline, sleeves, and hem for a sophisticated finish. Paired with matching straight pants in a complementary blue shade.</p><h3>Key Features</h3><ul><li><strong>Product Type:</strong> 2 Piece Set</li><li><strong>Colour:</strong> Blue</li><li><strong>Fabric:</strong> Fendy Silk</li></ul>",Raa Vedic,Kurta Set,"2 Piece Set, Fendy Silk, 1500 to 2500, Under the Neem Trees, Blue, Straight Fit, Printed, Floral",TRUE,Size,S,10003-BLUE-S,520,shopify,10,deny,manual,2499,,TRUE,TRUE,,https://raw.githubusercontent.com/shardulpandey/raavedic-product-images/main/10003-blue-01.jpg,1,"Blue Floral Printed Fendy Silk Straight Kurta Pant Set, view 1",FALSE,Blue Floral Printed Fendy Silk Straight Kurta Pant Set | Raa Vedic,"This elegant Blue Floral Printed 2-Piece Kurta Pant Set, crafted from premium Fendy Silk fabric for a luxurious feel and graceful drape. The straight-fit kurta features delicate floral prints along the hem, accented with subtle motifs throughout and contrast yellow piping on the neckline, sleeves, and hem for a sophist",g,active,10003,Fendy Silk,Blue,,,,,,,,,,,India,"Vedic Apparel Pvt Ltd, 2B,2nd floor, Sambhav House, Premchandnagar Road, Judges Bunglow Rd, Bodakdev, Ahmedabad, Gujarat 380015","Vedic Apparel Pvt Ltd, 2B,2nd floor, Sambhav House, Premchandnagar Road, Judges Bunglow Rd, Bodakdev, Ahmedabad, Gujarat 380015"
blue-floral-printed-fendy-silk-straight-kurta-pant-set,,,,,,,Size,M,10003-BLUE-M,520,shopify,10,deny,manual,2499,,TRUE,TRUE,8903629372195,https://raw.githubusercontent.com/shardulpandey/raavedic-product-images/main/10003-blue-02.jpg,2,"Blue Floral Printed Fendy Silk Straight Kurta Pant Set, view 2",,,,g,,,,,,,,,,,,,,,,,
blue-floral-printed-fendy-silk-straight-kurta-pant-set,,,,,,,Size,L,10003-BLUE-L,520,shopify,10,deny,manual,2499,,TRUE,TRUE,8903629372201,https://raw.githubusercontent.com/shardulpandey/raavedic-product-images/main/10003-blue-03.jpg,3,"Blue Floral Printed Fendy Silk Straight Kurta Pant Set, view 3",,,,g,,,,,,,,,,,,,,,,,
blue-floral-printed-fendy-silk-straight-kurta-pant-set,,,,,,,Size,XL,10003-BLUE-XL,520,shopify,10,deny,manual,2499,,TRUE,TRUE,8903629372218,https://raw.githubusercontent.com/shardulpandey/raavedic-product-images/main/10003-blue-04.jpg,4,"Blue Floral Printed Fendy Silk Straight Kurta Pant Set, view 4",,,,g,,,,,,,,,,,,,,,,,
blue-floral-printed-fendy-silk-straight-kurta-pant-set,,,,,,,Size,XXL,10003-BLUE-XXL,520,shopify,10,deny,manual,2499,,TRUE,TRUE,8903629372225,https://raw.githubusercontent.com/shardulpandey/raavedic-product-images/main/10003-blue-05.jpg,5,"Blue Floral Printed Fendy Silk Straight Kurta Pant Set, view 5",,,,g,,,,,,,,,,,,,,,,,
blue-floral-printed-fendy-silk-straight-kurta-pant-set,,,,,,,,,,,,,,,,,,,,https://raw.githubusercontent.com/shardulpandey/raavedic-product-images/main/10003-blue-06.jpg,6,"Blue Floral Printed Fendy Silk Straight Kurta Pant Set, view 6",,,,,,,,,,,,,,,,,,,,,
blue-floral-printed-fendy-silk-straight-kurta-pant-set,,,,,,,,,,,,,,,,,,,,https://raw.githubusercontent.com/shardulpandey/raavedic-product-images/main/10003-blue-07.jpg,7,"Blue Floral Printed Fendy Silk Straight Kurta Pant Set, view 7",,,,,,,,,,,,,,,,,,,,,
blue-floral-printed-fendy-silk-straight-kurta-pant-set,,,,,,,,,,,,,,,,,,,,https://raw.githubusercontent.com/shardulpandey/raavedic-product-images/main/10003-blue-08.jpg,8,"Blue Floral Printed Fendy Silk Straight Kurta Pant Set, view 8",,,,,,,,,,,,,,,,,,,,,
blue-floral-printed-fendy-silk-straight-kurta-pant-set,,,,,,,,,,,,,,,,,,,,https://raw.githubusercontent.com/shardulpandey/raavedic-product-images/main/10003-blue-09.jpg,9,"Blue Floral Printed Fendy Silk Straight Kurta Pant Set, view 9",,,,,,,,,,,,,,,,,,,,,
blue-floral-printed-fendy-silk-straight-kurta-pant-set,,,,,,,,,,,,,,,,,,,,https://raw.githubusercontent.com/shardulpandey/raavedic-product-images/main/10003-blue-10.jpg,10,"Blue Floral Printed Fendy Silk Straight Kurta Pant Set, view 10",,,,,,,,,,,,,,,,,,,,,
grey-floral-printed-romanam-top,Grey Floral Printed Romanam Top,"<p>Elevate your everyday style with this Grey Floral Printed Romanam Top, crafted from soft and comfortable Romanam fabric. Featuring an elegant floral print, a smart mandarin collar, and three-quarter sleeves, this top offers a perfect balance of comfort and sophistication. Its versatile design pairs effortlessly with trousers, jeans, or ethnic bottoms.</p><h3>Key Features</h3><ul><li><strong>Product Type:</strong> Tunic top</li><li><strong>Colour:</strong> Grey</li><li><strong>Fabric:</strong> Romanam</li><li><strong>Fit:</strong> Regular Fit</li><li><strong>Pattern:</strong> Floral Print</li><li><strong>Neckline:</strong> Mandarin Collar</li><li><strong>Sleeves:</strong> Three-Quarter Sleeves</li><li><strong>Care Instructions:</strong> Gentle Machine Wash or Hand Wash Separately</li><li><strong>Net Quantity:</strong> 1</li><li><strong>Model Size:</strong> The model (height 5'6) is wearing a size M</li></ul>",Raa Vedic,Top,"Top, Romanam, Under 1500, Under the Neem Trees, Grey, Printed, Floral, Daily Wear",TRUE,Size,S,10061-GREY-S,260,shopify,10,deny,manual,1199,,TRUE,TRUE,8903629426164,https://raw.githubusercontent.com/shardulpandey/raavedic-product-images/main/10061-grey-01.jpg,1,"Grey Floral Printed Romanam Top, view 1",FALSE,Grey Floral Printed Romanam Top | Raa Vedic,"Elevate your everyday style with this Grey Floral Printed Romanam Top, crafted from soft and comfortable Romanam fabric. Featuring an elegant floral print, a smart mandarin collar, and three-quarter sleeves, this top offers a perfect balance of comfort and sophistication. Its versatile design pairs effortlessly with tr",g,active,10061,Romanam,Grey,Regular Fit,Mandarin Collar,Three-Quarter Sleeves,,,Floral Print,,Gentle Machine Wash or Hand Wash Separately,1,The model (height 5'6) is wearing a size M,India,"Vedic Apparel Pvt Ltd, 2B,2nd floor, Sambhav House, Premchandnagar Road, Judges Bunglow Rd, Bodakdev, Ahmedabad, Gujarat 380015","Vedic Apparel Pvt Ltd, 2B,2nd floor, Sambhav House, Premchandnagar Road, Judges Bunglow Rd, Bodakdev, Ahmedabad, Gujarat 380015"
grey-floral-printed-romanam-top,,,,,,,Size,M,10061-GREY-M,260,shopify,10,deny,manual,1199,,TRUE,TRUE,8903629426171,https://raw.githubusercontent.com/shardulpandey/raavedic-product-images/main/10061-grey-02.jpg,2,"Grey Floral Printed Romanam Top, view 2",,,,g,,,,,,,,,,,,,,,,,
grey-floral-printed-romanam-top,,,,,,,Size,L,10061-GREY-L,260,shopify,10,deny,manual,1199,,TRUE,TRUE,8903629426188,https://raw.githubusercontent.com/shardulpandey/raavedic-product-images/main/10061-grey-03.jpg,3,"Grey Floral Printed Romanam Top, view 3",,,,g,,,,,,,,,,,,,,,,,
grey-floral-printed-romanam-top,,,,,,,Size,XL,10061-GREY-XL,260,shopify,10,deny,manual,1199,,TRUE,TRUE,8903629426195,https://raw.githubusercontent.com/shardulpandey/raavedic-product-images/main/10061-grey-04.jpg,4,"Grey Floral Printed Romanam Top, view 4",,,,g,,,,,,,,,,,,,,,,,
grey-floral-printed-romanam-top,,,,,,,Size,XXL,10061-GREY-XXL,260,shopify,10,deny,manual,1199,,TRUE,TRUE,8903629426201,https://raw.githubusercontent.com/shardulpandey/raavedic-product-images/main/10061-grey-05.jpg,5,"Grey Floral Printed Romanam Top, view 5",,,,g,,,,,,,,,,,,,,,,,
grey-floral-printed-romanam-top,,,,,,,,,,,,,,,,,,,,https://raw.githubusercontent.com/shardulpandey/raavedic-product-images/main/10061-grey-06.jpg,6,"Grey Floral Printed Romanam Top, view 6",,,,,,,,,,,,,,,,,,,,,
grey-floral-printed-romanam-top,,,,,,,,,,,,,,,,,,,,https://raw.githubusercontent.com/shardulpandey/raavedic-product-images/main/10061-grey-07.jpg,7,"Grey Floral Printed Romanam Top, view 7",,,,,,,,,,,,,,,,,,,,,
yellow-embroidered-cotton-straight-kurta-pant-set,Yellow Embroidered Cotton Straight Kurta Pant Set,"<p>This elegant White and Yellow 2-Piece Kurta Pant Set, crafted from premium cotton fabric for exceptional comfort and breathability. The straight-fit white kurta is beautifully adorned with delicate yellow floral embroidery on the yoke, sleeves, hemline, and back, adding a graceful touch to its timeless silhouette. Paired with matching straight cotton pants, this ensemble offers the perfect blend of sophistication and everyday comfort.</p><h3>Key Features</h3><ul><li><strong>Product Type:</strong> 2-Piece Kurta Pant Set</li><li><strong>Colour:</strong> Yellow</li><li><strong>Fabric:</strong> Cotton</li><li><strong>Fit:</strong> Straight Fit</li><li><strong>Neckline:</strong> V-Neck</li><li><strong>Sleeves:</strong> Three-Quarter Sleeves</li><li><strong>Bottom:</strong> Solid Straight Cotton Pants</li><li><strong>Care Instructions:</strong> Gentle Machine Wash or Hand Wash Separately</li><li><strong>Net Quantity:</strong> 2</li><li><strong>Model Size:</strong> The model (height 5'6) is wearing a size M</li></ul>",Raa Vedic,Kurta Set,"2 Piece Set, Cotton, 1500 to 2500, Under the Neem Trees, Yellow, Straight Fit, Embroidered, Floral, Daily Wear",TRUE,Size,S,10052A-YELLOW-S,520,shopify,10,deny,manual,1999,,TRUE,TRUE,8903629426713,https://raw.githubusercontent.com/shardulpandey/raavedic-product-images/main/10052a-yellow-01.jpg,1,"Yellow Embroidered Cotton Straight Kurta Pant Set, view 1",FALSE,Yellow Embroidered Cotton Straight Kurta Pant Set | Raa Vedic,"This elegant White and Yellow 2-Piece Kurta Pant Set, crafted from premium cotton fabric for exceptional comfort and breathability. The straight-fit white kurta is beautifully adorned with delicate yellow floral embroidery on the yoke, sleeves, hemline, and back, adding a graceful touch to its timeless silhouette. Pair",g,active,10052A,Cotton,Yellow,Straight Fit,V-Neck,Three-Quarter Sleeves,Solid Straight Cotton Pants,,,,Gentle Machine Wash or Hand Wash Separately,2,The model (height 5'6) is wearing a size M,India,"Vedic Apparel Pvt Ltd, 2B,2nd floor, Sambhav House, Premchandnagar Road, Judges Bunglow Rd, Bodakdev, Ahmedabad, Gujarat 380015","Vedic Apparel Pvt Ltd, 2B,2nd floor, Sambhav House, Premchandnagar Road, Judges Bunglow Rd, Bodakdev, Ahmedabad, Gujarat 380015"
yellow-embroidered-cotton-straight-kurta-pant-set,,,,,,,Size,M,10052A-YELLOW-M,520,shopify,10,deny,manual,1999,,TRUE,TRUE,8903629426720,https://raw.githubusercontent.com/shardulpandey/raavedic-product-images/main/10052a-yellow-02.jpg,2,"Yellow Embroidered Cotton Straight Kurta Pant Set, view 2",,,,g,,,,,,,,,,,,,,,,,
yellow-embroidered-cotton-straight-kurta-pant-set,,,,,,,Size,L,10052A-YELLOW-L,520,shopify,10,deny,manual,1999,,TRUE,TRUE,8903629426737,https://raw.githubusercontent.com/shardulpandey/raavedic-product-images/main/10052a-yellow-03.jpg,3,"Yellow Embroidered Cotton Straight Kurta Pant Set, view 3",,,,g,,,,,,,,,,,,,,,,,
yellow-embroidered-cotton-straight-kurta-pant-set,,,,,,,Size,XL,10052A-YELLOW-XL,520,shopify,10,deny,manual,1999,,TRUE,TRUE,8903629426744,https://raw.githubusercontent.com/shardulpandey/raavedic-product-images/main/10052a-yellow-04.jpg,4,"Yellow Embroidered Cotton Straight Kurta Pant Set, view 4",,,,g,,,,,,,,,,,,,,,,,
yellow-embroidered-cotton-straight-kurta-pant-set,,,,,,,Size,XXL,10052A-YELLOW-XXL,520,shopify,10,deny,manual,1999,,TRUE,TRUE,8903629426751,https://raw.githubusercontent.com/shardulpandey/raavedic-product-images/main/10052a-yellow-05.jpg,5,"Yellow Embroidered Cotton Straight Kurta Pant Set, view 5",,,,g,,,,,,,,,,,,,,,,,
yellow-embroidered-cotton-straight-kurta-pant-set,,,,,,,,,,,,,,,,,,,,https://raw.githubusercontent.com/shardulpandey/raavedic-product-images/main/10052a-yellow-06.jpg,6,"Yellow Embroidered Cotton Straight Kurta Pant Set, view 6",,,,,,,,,,,,,,,,,,,,,
yellow-embroidered-cotton-straight-kurta-pant-set,,,,,,,,,,,,,,,,,,,,https://raw.githubusercontent.com/shardulpandey/raavedic-product-images/main/10052a-yellow-07.jpg,7,"Yellow Embroidered Cotton Straight Kurta Pant Set, view 7",,,,,,,,,,,,,,,,,,,,,
yellow-embroidered-cotton-straight-kurta-pant-set,,,,,,,,,,,,,,,,,,,,https://raw.githubusercontent.com/shardulpandey/raavedic-product-images/main/10052a-yellow-08.jpg,8,"Yellow Embroidered Cotton Straight Kurta Pant Set, view 8",,,,,,,,,,,,,,,,,,,,,
sage-green-embroidered-shimmer-tissue-straight-kurta-pant-dupatta-set,Sage Green Embroidered Shimmer Tissue Straight Kurta Pant Dupatta Set,"<p>This elegant Sage Green Embroidered 3-Piece Kurta Pant Dupatta Set, crafted from luxurious Shimmer Tissue fabric that offers a graceful sheen and sophisticated appeal. The straight-fit kurta is beautifully adorned with intricate embroidery on the yoke, sleeves, and hem, complemented by delicate woven motifs for a refined ethnic look. Paired with matching straight pants and a coordinated shimmer tissue dupatta featuring rich woven gold accents and an elegant border, this ensemble is perfect for weddings, festive celebrations, and special occasions. Sea Green Embroidered 3-Piece Kurta Pant Dupatta Set, crafted from premium Cotton Flex fabric for breathable comfort and an elegant drape. The straight-fit kurta features delicate floral embroidery with intricate lace detailing on the neckline, front panel, and hem, creating a sophisticated yet graceful look. Paired with matching straight pants and a coordinated lightweight dupatta, this ensemble is perfect for festive celebrations, office wear, family gatherings, and daytime occasions.</p><h3>Key Features</h3><ul><li><strong>Product Type:</strong> 3-Piece Kurta Pant Dupatta Set</li><li><strong>Colour:</strong> Sage Green</li><li><strong>Fabric:</strong> Shimmer Tissue</li><li><strong>Fit:</strong> Straight Fit</li><li><strong>Neckline:</strong> Round V-Neck</li><li><strong>Sleeves:</strong> Three-Quarter Sleeves</li><li><strong>Bottom:</strong> Solid Straight Cotton Flex Pants</li><li><strong>Dupatta:</strong> Lightweight Coordinated Dupatta</li><li><strong>Care Instructions:</strong> Gentle Hand Wash or Machine Wash on Delicate Cycle</li><li><strong>Net Quantity:</strong> 3</li><li><strong>Model Size:</strong> The model (height 5'6) is wearing a size M</li></ul>",Raa Vedic,Kurta Set,"3 Piece Set, Shimmer Tissue, Above 3500, Under the Neem Trees, Sage Green, Straight Fit, Embroidered, Festive, Wedding, Office Wear, Family Gatherings",TRUE,Size,S,10007-SAGEGREE-S,700,shopify,10,deny,manual,3999,,TRUE,TRUE,8903629425013,https://raw.githubusercontent.com/shardulpandey/raavedic-product-images/main/10007-sage-green-01.jpg,1,"Sage Green Embroidered Shimmer Tissue Straight Kurta Pant Dupatta Set, view 1",FALSE,Sage Green Embroidered Shimmer Tissue Straight Kurta Pant Dupatta Set ,"This elegant Sage Green Embroidered 3-Piece Kurta Pant Dupatta Set, crafted from luxurious Shimmer Tissue fabric that offers a graceful sheen and sophisticated appeal. The straight-fit kurta is beautifully adorned with intricate embroidery on the yoke, sleeves, and hem, complemented by delicate woven motifs for a refin",g,active,10007,Shimmer Tissue,Sage Green,Straight Fit,Round V-Neck,Three-Quarter Sleeves,Solid Straight Cotton Flex Pants,Lightweight Coordinated Dupatta,,,Gentle Hand Wash or Machine Wash on Delicate Cycle,3,The model (height 5'6) is wearing a size M,India,"Vedic Apparel Pvt Ltd, 2B,2nd floor, Sambhav House, Premchandnagar Road, Judges Bunglow Rd, Bodakdev, Ahmedabad, Gujarat 380015","Vedic Apparel Pvt Ltd, 2B,2nd floor, Sambhav House, Premchandnagar Road, Judges Bunglow Rd, Bodakdev, Ahmedabad, Gujarat 380015"
sage-green-embroidered-shimmer-tissue-straight-kurta-pant-dupatta-set,,,,,,,Size,M,10007-SAGEGREE-M,700,shopify,10,deny,manual,3999,,TRUE,TRUE,8903629425020,https://raw.githubusercontent.com/shardulpandey/raavedic-product-images/main/10007-sage-green-02.jpg,2,"Sage Green Embroidered Shimmer Tissue Straight Kurta Pant Dupatta Set, view 2",,,,g,,,,,,,,,,,,,,,,,
sage-green-embroidered-shimmer-tissue-straight-kurta-pant-dupatta-set,,,,,,,Size,L,10007-SAGEGREE-L,700,shopify,10,deny,manual,3999,,TRUE,TRUE,8903629425037,https://raw.githubusercontent.com/shardulpandey/raavedic-product-images/main/10007-sage-green-03.jpg,3,"Sage Green Embroidered Shimmer Tissue Straight Kurta Pant Dupatta Set, view 3",,,,g,,,,,,,,,,,,,,,,,
sage-green-embroidered-shimmer-tissue-straight-kurta-pant-dupatta-set,,,,,,,Size,XL,10007-SAGEGREE-XL,700,shopify,10,deny,manual,3999,,TRUE,TRUE,8903629425044,https://raw.githubusercontent.com/shardulpandey/raavedic-product-images/main/10007-sage-green-04.jpg,4,"Sage Green Embroidered Shimmer Tissue Straight Kurta Pant Dupatta Set, view 4",,,,g,,,,,,,,,,,,,,,,,
sage-green-embroidered-shimmer-tissue-straight-kurta-pant-dupatta-set,,,,,,,Size,XXL,10007-SAGEGREE-XXL,700,shopify,10,deny,manual,3999,,TRUE,TRUE,8903629425051,https://raw.githubusercontent.com/shardulpandey/raavedic-product-images/main/10007-sage-green-05.jpg,5,"Sage Green Embroidered Shimmer Tissue Straight Kurta Pant Dupatta Set, view 5",,,,g,,,,,,,,,,,,,,,,,
sage-green-embroidered-shimmer-tissue-straight-kurta-pant-dupatta-set,,,,,,,,,,,,,,,,,,,,https://raw.githubusercontent.com/shardulpandey/raavedic-product-images/main/10007-sage-green-06.jpg,6,"Sage Green Embroidered Shimmer Tissue Straight Kurta Pant Dupatta Set, view 6",,,,,,,,,,,,,,,,,,,,,
sage-green-embroidered-shimmer-tissue-straight-kurta-pant-dupatta-set,,,,,,,,,,,,,,,,,,,,https://raw.githubusercontent.com/shardulpandey/raavedic-product-images/main/10007-sage-green-07.jpg,7,"Sage Green Embroidered Shimmer Tissue Straight Kurta Pant Dupatta Set, view 7",,,,,,,,,,,,,,,,,,,,,
sage-green-embroidered-shimmer-tissue-straight-kurta-pant-dupatta-set,,,,,,,,,,,,,,,,,,,,https://raw.githubusercontent.com/shardulpandey/raavedic-product-images/main/10007-sage-green-08.jpg,8,"Sage Green Embroidered Shimmer Tissue Straight Kurta Pant Dupatta Set, view 8",,,,,,,,,,,,,,,,,,,,,
sage-green-embroidered-shimmer-tissue-straight-kurta-pant-dupatta-set,,,,,,,,,,,,,,,,,,,,https://raw.githubusercontent.com/shardulpandey/raavedic-product-images/main/10007-sage-green-09.jpg,9,"Sage Green Embroidered Shimmer Tissue Straight Kurta Pant Dupatta Set, view 9",,,,,,,,,,,,,,,,,,,,,
sage-green-embroidered-shimmer-tissue-straight-kurta-pant-dupatta-set,,,,,,,,,,,,,,,,,,,,https://raw.githubusercontent.com/shardulpandey/raavedic-product-images/main/10007-sage-green-10.jpg,10,"Sage Green Embroidered Shimmer Tissue Straight Kurta Pant Dupatta Set, view 10",,,,,,,,,,,,,,,,,,,,,
off-white-embroidered-organza-a-line-kurta-pant-set,Off White Embroidered Organza A-Line Kurta Pant Set,"<p>This elegant Off White Embroidered 2-Piece Kurta Pant Set, crafted from premium organza fabric for a graceful and sophisticated look. The A-line kurta features intricate self-embroidered detailing across the front, complemented by delicate lace accents on the yoke and sleeves. Paired with matching straight pants, this ensemble offers a perfect blend of timeless elegance and modern comfort.</p><h3>Key Features</h3><ul><li><strong>Product Type:</strong> 2-Piece Kurta Pant Set</li><li><strong>Colour:</strong> Off White</li><li><strong>Fabric:</strong> Organza</li><li><strong>Fit:</strong> A-Line</li><li><strong>Neckline:</strong> Mandarin V-Neck</li><li><strong>Sleeves:</strong> Three-Quarter Sleeves</li><li><strong>Bottom:</strong> Solid Straight Pants</li><li><strong>Care Instructions:</strong> Dry Clean Recommended or Gentle Hand Wash</li><li><strong>Net Quantity:</strong> 2</li><li><strong>Model Size:</strong> The model (height 5'6) is wearing a size M</li></ul>",Raa Vedic,Kurta Set,"2 Piece Set, Organza, 2500 to 3500, Under the Neem Trees, Off White, A Line, Embroidered",TRUE,Size,S,10051-OFFWHITE-S,520,shopify,10,deny,manual,2599,,TRUE,TRUE,8903629426362,https://raw.githubusercontent.com/shardulpandey/raavedic-product-images/main/10051-off-white-01.jpg,1,"Off White Embroidered Organza A-Line Kurta Pant Set, view 1",FALSE,Off White Embroidered Organza A-Line Kurta Pant Set | Raa Vedic,"This elegant Off White Embroidered 2-Piece Kurta Pant Set, crafted from premium organza fabric for a graceful and sophisticated look. The A-line kurta features intricate self-embroidered detailing across the front, complemented by delicate lace accents on the yoke and sleeves. Paired with matching straight pants, this ",g,active,10051,Organza,Off White,A-Line,Mandarin V-Neck,Three-Quarter Sleeves,Solid Straight Pants,,,,Dry Clean Recommended or Gentle Hand Wash,2,The model (height 5'6) is wearing a size M,India,"Vedic Apparel Pvt Ltd, 2B,2nd floor, Sambhav House, Premchandnagar Road, Judges Bunglow Rd, Bodakdev, Ahmedabad, Gujarat 380015","Vedic Apparel Pvt Ltd, 2B,2nd floor, Sambhav House, Premchandnagar Road, Judges Bunglow Rd, Bodakdev, Ahmedabad, Gujarat 380015"
off-white-embroidered-organza-a-line-kurta-pant-set,,,,,,,Size,M,10051-OFFWHITE-M,520,shopify,10,deny,manual,2599,,TRUE,TRUE,8903629426379,https://raw.githubusercontent.com/shardulpandey/raavedic-product-images/main/10051-off-white-02.jpg,2,"Off White Embroidered Organza A-Line Kurta Pant Set, view 2",,,,g,,,,,,,,,,,,,,,,,
off-white-embroidered-organza-a-line-kurta-pant-set,,,,,,,Size,L,10051-OFFWHITE-L,520,shopify,10,deny,manual,2599,,TRUE,TRUE,8903629426386,https://raw.githubusercontent.com/shardulpandey/raavedic-product-images/main/10051-off-white-03.jpg,3,"Off White Embroidered Organza A-Line Kurta Pant Set, view 3",,,,g,,,,,,,,,,,,,,,,,
off-white-embroidered-organza-a-line-kurta-pant-set,,,,,,,Size,XL,10051-OFFWHITE-XL,520,shopify,10,deny,manual,2599,,TRUE,TRUE,8903629426393,https://raw.githubusercontent.com/shardulpandey/raavedic-product-images/main/10051-off-white-04.jpg,4,"Off White Embroidered Organza A-Line Kurta Pant Set, view 4",,,,g,,,,,,,,,,,,,,,,,
off-white-embroidered-organza-a-line-kurta-pant-set,,,,,,,Size,XXL,10051-OFFWHITE-XXL,520,shopify,10,deny,manual,2599,,TRUE,TRUE,8903629426409,https://raw.githubusercontent.com/shardulpandey/raavedic-product-images/main/10051-off-white-05.jpg,5,"Off White Embroidered Organza A-Line Kurta Pant Set, view 5",,,,g,,,,,,,,,,,,,,,,,
off-white-embroidered-organza-a-line-kurta-pant-set,,,,,,,,,,,,,,,,,,,,https://raw.githubusercontent.com/shardulpandey/raavedic-product-images/main/10051-off-white-06.jpg,6,"Off White Embroidered Organza A-Line Kurta Pant Set, view 6",,,,,,,,,,,,,,,,,,,,,
off-white-embroidered-organza-a-line-kurta-pant-set,,,,,,,,,,,,,,,,,,,,https://raw.githubusercontent.com/shardulpandey/raavedic-product-images/main/10051-off-white-07.jpg,7,"Off White Embroidered Organza A-Line Kurta Pant Set, view 7",,,,,,,,,,,,,,,,,,,,,
off-white-embroidered-organza-a-line-kurta-pant-set,,,,,,,,,,,,,,,,,,,,https://raw.githubusercontent.com/shardulpandey/raavedic-product-images/main/10051-off-white-08.jpg,8,"Off White Embroidered Organza A-Line Kurta Pant Set, view 8",,,,,,,,,,,,,,,,,,,,,
navy-embroidered-velvet-straight-kurta-pant-set,Navy Embroidered Velvet Straight Kurta Pant Set,"<p>This Navy Embroidered 2-Piece Kurta Pant Set, crafted from luxurious velvet fabric that offers a rich texture and elegant finish. The straight-fit kurta is beautifully adorned with intricate embroidery on the yoke, sleeves, hemline, and front panel, creating a timeless ethnic look. Paired with matching straight velvet pants.</p><h3>Key Features</h3><ul><li><strong>Product Type:</strong> 2-Piece Kurta Pant Set</li><li><strong>Colour:</strong> Navy</li><li><strong>Fabric:</strong> Velvet</li><li><strong>Fit:</strong> Straight Fit</li><li><strong>Neckline:</strong> Round Neck</li><li><strong>Sleeves:</strong> Three-Quarter Sleeves</li><li><strong>Bottom:</strong> Solid Straight Velvet Pants</li><li><strong>Care Instructions:</strong> Dry Clean</li><li><strong>Net Quantity:</strong> 2</li><li><strong>Model Size:</strong> The model (height 5'6) is wearing a size M</li></ul>",Raa Vedic,Kurta Set,"2 Piece Set, Velvet, 2500 to 3500, Under the Neem Trees, Navy, Straight Fit, Embroidered, Festive, Wedding, Evening Wear",TRUE,Size,S,10031-NAVY-S,520,shopify,10,deny,manual,3299,,TRUE,TRUE,8903629389384,https://raw.githubusercontent.com/shardulpandey/raavedic-product-images/main/10031-navy-01.jpg,1,"Navy Embroidered Velvet Straight Kurta Pant Set, view 1",FALSE,Navy Embroidered Velvet Straight Kurta Pant Set | Raa Vedic,"This Navy Embroidered 2-Piece Kurta Pant Set, crafted from luxurious velvet fabric that offers a rich texture and elegant finish. The straight-fit kurta is beautifully adorned with intricate embroidery on the yoke, sleeves, hemline, and front panel, creating a timeless ethnic look. Paired with matching straight velvet ",g,active,10031,Velvet,Navy,Straight Fit,Round Neck,Three-Quarter Sleeves,Solid Straight Velvet Pants,,,,Dry Clean,2,The model (height 5'6) is wearing a size M,India,"Vedic Apparel Pvt Ltd, 2B,2nd floor, Sambhav House, Premchandnagar Road, Judges Bunglow Rd, Bodakdev, Ahmedabad, Gujarat 380015","Vedic Apparel Pvt Ltd, 2B,2nd floor, Sambhav House, Premchandnagar Road, Judges Bunglow Rd, Bodakdev, Ahmedabad, Gujarat 380015"
navy-embroidered-velvet-straight-kurta-pant-set,,,,,,,Size,M,10031-NAVY-M,520,shopify,10,deny,manual,3299,,TRUE,TRUE,8903629389391,https://raw.githubusercontent.com/shardulpandey/raavedic-product-images/main/10031-navy-02.jpg,2,"Navy Embroidered Velvet Straight Kurta Pant Set, view 2",,,,g,,,,,,,,,,,,,,,,,
navy-embroidered-velvet-straight-kurta-pant-set,,,,,,,Size,L,10031-NAVY-L,520,shopify,10,deny,manual,3299,,TRUE,TRUE,8903629389407,https://raw.githubusercontent.com/shardulpandey/raavedic-product-images/main/10031-navy-03.jpg,3,"Navy Embroidered Velvet Straight Kurta Pant Set, view 3",,,,g,,,,,,,,,,,,,,,,,
navy-embroidered-velvet-straight-kurta-pant-set,,,,,,,Size,XL,10031-NAVY-XL,520,shopify,10,deny,manual,3299,,TRUE,TRUE,8903629389414,https://raw.githubusercontent.com/shardulpandey/raavedic-product-images/main/10031-navy-04.jpg,4,"Navy Embroidered Velvet Straight Kurta Pant Set, view 4",,,,g,,,,,,,,,,,,,,,,,
navy-embroidered-velvet-straight-kurta-pant-set,,,,,,,Size,XXL,10031-NAVY-XXL,520,shopify,10,deny,manual,3299,,TRUE,TRUE,8903629389421,https://raw.githubusercontent.com/shardulpandey/raavedic-product-images/main/10031-navy-05.jpg,5,"Navy Embroidered Velvet Straight Kurta Pant Set, view 5",,,,g,,,,,,,,,,,,,,,,,
navy-embroidered-velvet-straight-kurta-pant-set,,,,,,,,,,,,,,,,,,,,https://raw.githubusercontent.com/shardulpandey/raavedic-product-images/main/10031-navy-06.jpg,6,"Navy Embroidered Velvet Straight Kurta Pant Set, view 6",,,,,,,,,,,,,,,,,,,,,
navy-embroidered-velvet-straight-kurta-pant-set,,,,,,,,,,,,,,,,,,,,https://raw.githubusercontent.com/shardulpandey/raavedic-product-images/main/10031-navy-07.jpg,7,"Navy Embroidered Velvet Straight Kurta Pant Set, view 7",,,,,,,,,,,,,,,,,,,,,
navy-embroidered-velvet-straight-kurta-pant-set,,,,,,,,,,,,,,,,,,,,https://raw.githubusercontent.com/shardulpandey/raavedic-product-images/main/10031-navy-08.jpg,8,"Navy Embroidered Velvet Straight Kurta Pant Set, view 8",,,,,,,,,,,,,,,,,,,,,
white-black-printed-cotton-satin-kurta,White & Black Printed Cotton Satin Kurta,"<p>This elegant White & Black Cotton Satin Kurta, crafted from soft and breathable cotton satin fabric. Featuring a graceful black design, contrast piping on the neckline, and three-quarter sleeves, this straight-fit kurta offers a perfect blend of comfort and sophistication.</p><h3>Key Features</h3><ul><li><strong>Product Type:</strong> Kurta</li><li><strong>Colour:</strong> White & Black</li><li><strong>Fabric:</strong> Cotton Satin</li><li><strong>Fit:</strong> A-Line Fit</li><li><strong>Pattern:</strong> Floral Print</li><li><strong>Neckline:</strong> V-Neck</li><li><strong>Sleeves:</strong> Three-Quarter Sleeves</li><li><strong>Care Instructions:</strong> Gentle Machine Wash or Hand Wash Separately</li><li><strong>Net Quantity:</strong> 1</li><li><strong>Model Size:</strong> The model (height 5'6) is wearing a size M</li></ul>",Raa Vedic,Kurta,"Kurta, Cotton Satin, 1500 to 2500, Under the Neem Trees, White & Black, Black, White, A Line, Printed",TRUE,Size,S,10016-WHITEBLA-S,320,shopify,10,deny,manual,1799,,TRUE,TRUE,8903629425969,https://raw.githubusercontent.com/shardulpandey/raavedic-product-images/main/10016-white-and-black-01.jpg,1,"White & Black Printed Cotton Satin Kurta, view 1",FALSE,White & Black Printed Cotton Satin Kurta | Raa Vedic,"This elegant White & Black Cotton Satin Kurta, crafted from soft and breathable cotton satin fabric. Featuring a graceful black design, contrast piping on the neckline, and three-quarter sleeves, this straight-fit kurta offers a perfect blend of comfort and sophistication.",g,active,10016,Cotton Satin,White & Black,A-Line Fit,V-Neck,Three-Quarter Sleeves,,,Floral Print,,Gentle Machine Wash or Hand Wash Separately,1,The model (height 5'6) is wearing a size M,India,"Vedic Apparel Pvt Ltd, 2B,2nd floor, Sambhav House, Premchandnagar Road, Judges Bunglow Rd, Bodakdev, Ahmedabad, Gujarat 380015","Vedic Apparel Pvt Ltd, 2B,2nd floor, Sambhav House, Premchandnagar Road, Judges Bunglow Rd, Bodakdev, Ahmedabad, Gujarat 380015"
white-black-printed-cotton-satin-kurta,,,,,,,Size,M,10016-WHITEBLA-M,320,shopify,10,deny,manual,1799,,TRUE,TRUE,8903629425976,https://raw.githubusercontent.com/shardulpandey/raavedic-product-images/main/10016-white-and-black-02.jpg,2,"White & Black Printed Cotton Satin Kurta, view 2",,,,g,,,,,,,,,,,,,,,,,
white-black-printed-cotton-satin-kurta,,,,,,,Size,L,10016-WHITEBLA-L,320,shopify,10,deny,manual,1799,,TRUE,TRUE,8903629425983,https://raw.githubusercontent.com/shardulpandey/raavedic-product-images/main/10016-white-and-black-03.jpg,3,"White & Black Printed Cotton Satin Kurta, view 3",,,,g,,,,,,,,,,,,,,,,,
white-black-printed-cotton-satin-kurta,,,,,,,Size,XL,10016-WHITEBLA-XL,320,shopify,10,deny,manual,1799,,TRUE,TRUE,8903629425990,https://raw.githubusercontent.com/shardulpandey/raavedic-product-images/main/10016-white-and-black-04.jpg,4,"White & Black Printed Cotton Satin Kurta, view 4",,,,g,,,,,,,,,,,,,,,,,
white-black-printed-cotton-satin-kurta,,,,,,,Size,XXL,10016-WHITEBLA-XXL,320,shopify,10,deny,manual,1799,,TRUE,TRUE,8903629426003,https://raw.githubusercontent.com/shardulpandey/raavedic-product-images/main/10016-white-and-black-05.jpg,5,"White & Black Printed Cotton Satin Kurta, view 5",,,,g,,,,,,,,,,,,,,,,,
white-black-printed-cotton-satin-kurta,,,,,,,,,,,,,,,,,,,,https://raw.githubusercontent.com/shardulpandey/raavedic-product-images/main/10016-white-and-black-06.jpg,6,"White & Black Printed Cotton Satin Kurta, view 6",,,,,,,,,,,,,,,,,,,,,
white-black-printed-cotton-satin-kurta,,,,,,,,,,,,,,,,,,,,https://raw.githubusercontent.com/shardulpandey/raavedic-product-images/main/10016-white-and-black-07.jpg,7,"White & Black Printed Cotton Satin Kurta, view 7",,,,,,,,,,,,,,,,,,,,,
white-black-printed-cotton-satin-kurta,,,,,,,,,,,,,,,,,,,,https://raw.githubusercontent.com/shardulpandey/raavedic-product-images/main/10016-white-and-black-08.jpg,8,"White & Black Printed Cotton Satin Kurta, view 8",,,,,,,,,,,,,,,,,,,,,
white-black-embroidered-cotton-satin-straight-kurta-pant-dupatta-set,White & Black Embroidered Cotton Satin Straight Kurta Pant Dupatta Set,"<p>This elegant White & Black Embroidered 3-Piece Kurta Set, crafted from premium cotton satin fabric that offers a soft feel, subtle sheen, and lasting comfort. The white straight-fit kurta is beautifully enhanced with intricate black embroidery on the yoke, sleeves, and hem, creating a striking monochrome look. It is paired with matching straight pants and a lightweight black dupatta, making it a timeless ensemble for festive occasions, office wear, and family gatherings.</p><h3>Key Features</h3><ul><li><strong>Product Type:</strong> 3-Piece Kurta Pant Dupatta Set</li><li><strong>Colour:</strong> White & Black</li><li><strong>Fabric:</strong> Cotton Satin</li><li><strong>Fit:</strong> Straight Fit</li><li><strong>Neckline:</strong> Round V-Neck</li><li><strong>Sleeves:</strong> Three-Quarter Sleeves</li><li><strong>Bottom:</strong> Solid Straight Cotton Satin Pants</li><li><strong>Dupatta:</strong> Solid Black Dupatta</li><li><strong>Care Instructions:</strong> Gentle Hand Wash</li><li><strong>Net Quantity:</strong> 3</li><li><strong>Model Size:</strong> The model (height 5'6) is wearing a size M</li></ul>",Raa Vedic,Kurta Set,"3 Piece Set, Cotton Satin, 2500 to 3500, Under the Neem Trees, White & Black, Black, White, Straight Fit, Embroidered, Festive, Office Wear, Family Gatherings",TRUE,Size,S,10013-WHITEBLA-S,700,shopify,10,deny,manual,2599,,TRUE,TRUE,8903629424665,https://raw.githubusercontent.com/shardulpandey/raavedic-product-images/main/10013-white-and-black-01.jpg,1,"White & Black Embroidered Cotton Satin Straight Kurta Pant Dupatta Set, view 1",FALSE,White & Black Embroidered Cotton Satin Straight Kurta Pant Dupatta Set,"This elegant White & Black Embroidered 3-Piece Kurta Set, crafted from premium cotton satin fabric that offers a soft feel, subtle sheen, and lasting comfort. The white straight-fit kurta is beautifully enhanced with intricate black embroidery on the yoke, sleeves, and hem, creating a striking monochrome look. It is pa",g,active,10013,Cotton Satin,White & Black,Straight Fit,Round V-Neck,Three-Quarter Sleeves,Solid Straight Cotton Satin Pants,Solid Black Dupatta,,,Gentle Hand Wash,3,The model (height 5'6) is wearing a size M,India,"Vedic Apparel Pvt Ltd, 2B,2nd floor, Sambhav House, Premchandnagar Road, Judges Bunglow Rd, Bodakdev, Ahmedabad, Gujarat 380015","Vedic Apparel Pvt Ltd, 2B,2nd floor, Sambhav House, Premchandnagar Road, Judges Bunglow Rd, Bodakdev, Ahmedabad, Gujarat 380015"
white-black-embroidered-cotton-satin-straight-kurta-pant-dupatta-set,,,,,,,Size,M,10013-WHITEBLA-M,700,shopify,10,deny,manual,2599,,TRUE,TRUE,8903629424672,https://raw.githubusercontent.com/shardulpandey/raavedic-product-images/main/10013-white-and-black-02.jpg,2,"White & Black Embroidered Cotton Satin Straight Kurta Pant Dupatta Set, view 2",,,,g,,,,,,,,,,,,,,,,,
white-black-embroidered-cotton-satin-straight-kurta-pant-dupatta-set,,,,,,,Size,L,10013-WHITEBLA-L,700,shopify,10,deny,manual,2599,,TRUE,TRUE,8903629424689,https://raw.githubusercontent.com/shardulpandey/raavedic-product-images/main/10013-white-and-black-03.jpg,3,"White & Black Embroidered Cotton Satin Straight Kurta Pant Dupatta Set, view 3",,,,g,,,,,,,,,,,,,,,,,
white-black-embroidered-cotton-satin-straight-kurta-pant-dupatta-set,,,,,,,Size,XL,10013-WHITEBLA-XL,700,shopify,10,deny,manual,2599,,TRUE,TRUE,8903629424696,https://raw.githubusercontent.com/shardulpandey/raavedic-product-images/main/10013-white-and-black-04.jpg,4,"White & Black Embroidered Cotton Satin Straight Kurta Pant Dupatta Set, view 4",,,,g,,,,,,,,,,,,,,,,,
white-black-embroidered-cotton-satin-straight-kurta-pant-dupatta-set,,,,,,,Size,XXL,10013-WHITEBLA-XXL,700,shopify,10,deny,manual,2599,,TRUE,TRUE,8903629424702,https://raw.githubusercontent.com/shardulpandey/raavedic-product-images/main/10013-white-and-black-05.jpg,5,"White & Black Embroidered Cotton Satin Straight Kurta Pant Dupatta Set, view 5",,,,g,,,,,,,,,,,,,,,,,
white-black-embroidered-cotton-satin-straight-kurta-pant-dupatta-set,,,,,,,,,,,,,,,,,,,,https://raw.githubusercontent.com/shardulpandey/raavedic-product-images/main/10013-white-and-black-06.jpg,6,"White & Black Embroidered Cotton Satin Straight Kurta Pant Dupatta Set, view 6",,,,,,,,,,,,,,,,,,,,,
white-black-embroidered-cotton-satin-straight-kurta-pant-dupatta-set,,,,,,,,,,,,,,,,,,,,https://raw.githubusercontent.com/shardulpandey/raavedic-product-images/main/10013-white-and-black-07.jpg,7,"White & Black Embroidered Cotton Satin Straight Kurta Pant Dupatta Set, view 7",,,,,,,,,,,,,,,,,,,,,
white-black-embroidered-cotton-satin-straight-kurta-pant-dupatta-set,,,,,,,,,,,,,,,,,,,,https://raw.githubusercontent.com/shardulpandey/raavedic-product-images/main/10013-white-and-black-08.jpg,8,"White & Black Embroidered Cotton Satin Straight Kurta Pant Dupatta Set, view 8",,,,,,,,,,,,,,,,,,,,,
white-navy-embroidered-rayon-straight-kurta-pant-dupatta-set,White & Navy Embroidered Rayon Straight Kurta Pant Dupatta Set,"<p>This elegant White & Navy Embroidered 3-Piece Kurta Pant Dupatta Set, crafted from premium rayon fabric for a soft feel, breathable comfort, and a graceful drape. The straight-fit white kurta is beautifully enhanced with intricate navy blue embroidery on the yoke, sleeves, and hem, creating a timeless and sophisticated look. Paired with matching straight pants and a lightweight white dupatta featuring embroidered lace detailing, this ensemble is perfect for festive celebrations, office wear, family gatherings, and special occasions.</p><h3>Key Features</h3><ul><li><strong>Product Type:</strong> 3-Piece Kurta Pant Dupatta Set</li><li><strong>Colour:</strong> White & Navy</li><li><strong>Fabric:</strong> Rayon</li><li><strong>Fit:</strong> Straight Fit</li><li><strong>Neckline:</strong> Round Neck</li><li><strong>Sleeves:</strong> Three-Quarter Sleeves</li><li><strong>Bottom:</strong> Solid Straight Rayon Pants</li><li><strong>Dupatta:</strong> White Dupatta with Embroidered Lace Border</li><li><strong>Care Instructions:</strong> Gentle Hand Wash or Machine Wash on Delicate Cycle</li><li><strong>Net Quantity:</strong> 3</li><li><strong>Model Size:</strong> The model (height 5'6) is wearing a size M</li></ul>",Raa Vedic,Kurta Set,"3 Piece Set, Rayon, 2500 to 3500, Under the Neem Trees, White & Navy, Navy, White, Straight Fit, Embroidered, Festive, Office Wear, Family Gatherings",TRUE,Size,S,10022-WHITENAV-S,700,shopify,10,deny,manual,2599,,TRUE,TRUE,8903629425518,https://raw.githubusercontent.com/shardulpandey/raavedic-product-images/main/10022-white-and-navy-01.jpg,1,"White & Navy Embroidered Rayon Straight Kurta Pant Dupatta Set, view 1",FALSE,White & Navy Embroidered Rayon Straight Kurta Pant Dupatta Set | Raa V,"This elegant White & Navy Embroidered 3-Piece Kurta Pant Dupatta Set, crafted from premium rayon fabric for a soft feel, breathable comfort, and a graceful drape. The straight-fit white kurta is beautifully enhanced with intricate navy blue embroidery on the yoke, sleeves, and hem, creating a timeless and sophisticated",g,active,10022,Rayon,White & Navy,Straight Fit,Round Neck,Three-Quarter Sleeves,Solid Straight Rayon Pants,White Dupatta with Embroidered Lace Border,,,Gentle Hand Wash or Machine Wash on Delicate Cycle,3,The model (height 5'6) is wearing a size M,India,"Vedic Apparel Pvt Ltd, 2B,2nd floor, Sambhav House, Premchandnagar Road, Judges Bunglow Rd, Bodakdev, Ahmedabad, Gujarat 380015","Vedic Apparel Pvt Ltd, 2B,2nd floor, Sambhav House, Premchandnagar Road, Judges Bunglow Rd, Bodakdev, Ahmedabad, Gujarat 380015"
white-navy-embroidered-rayon-straight-kurta-pant-dupatta-set,,,,,,,Size,M,10022-WHITENAV-M,700,shopify,10,deny,manual,2599,,TRUE,TRUE,8903629425525,https://raw.githubusercontent.com/shardulpandey/raavedic-product-images/main/10022-white-and-navy-02.jpg,2,"White & Navy Embroidered Rayon Straight Kurta Pant Dupatta Set, view 2",,,,g,,,,,,,,,,,,,,,,,
white-navy-embroidered-rayon-straight-kurta-pant-dupatta-set,,,,,,,Size,L,10022-WHITENAV-L,700,shopify,10,deny,manual,2599,,TRUE,TRUE,8903629425532,https://raw.githubusercontent.com/shardulpandey/raavedic-product-images/main/10022-white-and-navy-03.jpg,3,"White & Navy Embroidered Rayon Straight Kurta Pant Dupatta Set, view 3",,,,g,,,,,,,,,,,,,,,,,
white-navy-embroidered-rayon-straight-kurta-pant-dupatta-set,,,,,,,Size,XL,10022-WHITENAV-XL,700,shopify,10,deny,manual,2599,,TRUE,TRUE,8903629425549,https://raw.githubusercontent.com/shardulpandey/raavedic-product-images/main/10022-white-and-navy-04.jpg,4,"White & Navy Embroidered Rayon Straight Kurta Pant Dupatta Set, view 4",,,,g,,,,,,,,,,,,,,,,,
white-navy-embroidered-rayon-straight-kurta-pant-dupatta-set,,,,,,,Size,XXL,10022-WHITENAV-XXL,700,shopify,10,deny,manual,2599,,TRUE,TRUE,8903629425556,https://raw.githubusercontent.com/shardulpandey/raavedic-product-images/main/10022-white-and-navy-05.jpg,5,"White & Navy Embroidered Rayon Straight Kurta Pant Dupatta Set, view 5",,,,g,,,,,,,,,,,,,,,,,
white-navy-embroidered-rayon-straight-kurta-pant-dupatta-set,,,,,,,,,,,,,,,,,,,,https://raw.githubusercontent.com/shardulpandey/raavedic-product-images/main/10022-white-and-navy-06.jpg,6,"White & Navy Embroidered Rayon Straight Kurta Pant Dupatta Set, view 6",,,,,,,,,,,,,,,,,,,,,
white-navy-embroidered-rayon-straight-kurta-pant-dupatta-set,,,,,,,,,,,,,,,,,,,,https://raw.githubusercontent.com/shardulpandey/raavedic-product-images/main/10022-white-and-navy-07.jpg,7,"White & Navy Embroidered Rayon Straight Kurta Pant Dupatta Set, view 7",,,,,,,,,,,,,,,,,,,,,
white-navy-embroidered-rayon-straight-kurta-pant-dupatta-set,,,,,,,,,,,,,,,,,,,,https://raw.githubusercontent.com/shardulpandey/raavedic-product-images/main/10022-white-and-navy-08.jpg,8,"White & Navy Embroidered Rayon Straight Kurta Pant Dupatta Set, view 8",,,,,,,,,,,,,,,,,,,,,
maroon-off-white-embroidered-cotton-satin-straight-kurta-pant-dupatta,Maroon & Off White Embroidered Cotton Satin Straight Kurta Pant Dupatta Set,"<p>This Maroon & Off White Embroidered 3-Piece Kurta Set, crafted from premium cotton satin fabric that offers a smooth finish, subtle sheen, and exceptional comfort. The off-white straight-fit kurta is beautifully adorned with intricate maroon embroidery on the yoke, sleeves, and hem, creating a rich ethnic appeal. It is paired with matching straight pants and a graceful maroon dupatta, completing a sophisticated and festive look.</p><h3>Key Features</h3><ul><li><strong>Product Type:</strong> 3-Piece Kurta Pant Dupatta Set</li><li><strong>Colour:</strong> Maroon & Off White</li><li><strong>Fabric:</strong> Cotton Satin</li><li><strong>Fit:</strong> Straight Fit</li><li><strong>Neckline:</strong> Round Neck</li><li><strong>Sleeves:</strong> Three-Quarter Sleeves</li><li><strong>Bottom:</strong> Solid Straight Cotton Satin Pants</li><li><strong>Dupatta:</strong> Solid Maroon Dupatta</li><li><strong>Care Instructions:</strong> Gentle Hand Wash</li><li><strong>Net Quantity:</strong> 3</li><li><strong>Model Size:</strong> The model (height 5'6) is wearing a size M</li></ul>",Raa Vedic,Kurta Set,"3 Piece Set, Cotton Satin, 2500 to 3500, Under the Neem Trees, Maroon & Off White, Off White, Maroon, Straight Fit, Embroidered, Festive",TRUE,Size,S,10014-MAROONOF-S,700,shopify,10,deny,manual,2599,,TRUE,TRUE,8903629424719,https://raw.githubusercontent.com/shardulpandey/raavedic-product-images/main/10014-maroon-and-off-white-01.jpg,1,"Maroon & Off White Embroidered Cotton Satin Straight Kurta Pant Dupatta Set, view 1",FALSE,Maroon & Off White Embroidered Cotton Satin Straight Kurta Pant Dupatt,"This Maroon & Off White Embroidered 3-Piece Kurta Set, crafted from premium cotton satin fabric that offers a smooth finish, subtle sheen, and exceptional comfort. The off-white straight-fit kurta is beautifully adorned with intricate maroon embroidery on the yoke, sleeves, and hem, creating a rich ethnic appeal. It is",g,active,10014,Cotton Satin,Maroon & Off White,Straight Fit,Round Neck,Three-Quarter Sleeves,Solid Straight Cotton Satin Pants,Solid Maroon Dupatta,,,Gentle Hand Wash,3,The model (height 5'6) is wearing a size M,India,"Vedic Apparel Pvt Ltd, 2B,2nd floor, Sambhav House, Premchandnagar Road, Judges Bunglow Rd, Bodakdev, Ahmedabad, Gujarat 380015","Vedic Apparel Pvt Ltd, 2B,2nd floor, Sambhav House, Premchandnagar Road, Judges Bunglow Rd, Bodakdev, Ahmedabad, Gujarat 380015"
maroon-off-white-embroidered-cotton-satin-straight-kurta-pant-dupatta,,,,,,,Size,M,10014-MAROONOF-M,700,shopify,10,deny,manual,2599,,TRUE,TRUE,8903629424726,https://raw.githubusercontent.com/shardulpandey/raavedic-product-images/main/10014-maroon-and-off-white-02.jpg,2,"Maroon & Off White Embroidered Cotton Satin Straight Kurta Pant Dupatta Set, view 2",,,,g,,,,,,,,,,,,,,,,,
maroon-off-white-embroidered-cotton-satin-straight-kurta-pant-dupatta,,,,,,,Size,L,10014-MAROONOF-L,700,shopify,10,deny,manual,2599,,TRUE,TRUE,8903629424733,https://raw.githubusercontent.com/shardulpandey/raavedic-product-images/main/10014-maroon-and-off-white-03.jpg,3,"Maroon & Off White Embroidered Cotton Satin Straight Kurta Pant Dupatta Set, view 3",,,,g,,,,,,,,,,,,,,,,,
maroon-off-white-embroidered-cotton-satin-straight-kurta-pant-dupatta,,,,,,,Size,XL,10014-MAROONOF-XL,700,shopify,10,deny,manual,2599,,TRUE,TRUE,8903629424740,https://raw.githubusercontent.com/shardulpandey/raavedic-product-images/main/10014-maroon-and-off-white-04.jpg,4,"Maroon & Off White Embroidered Cotton Satin Straight Kurta Pant Dupatta Set, view 4",,,,g,,,,,,,,,,,,,,,,,
maroon-off-white-embroidered-cotton-satin-straight-kurta-pant-dupatta,,,,,,,Size,XXL,10014-MAROONOF-XXL,700,shopify,10,deny,manual,2599,,TRUE,TRUE,8903629424757,https://raw.githubusercontent.com/shardulpandey/raavedic-product-images/main/10014-maroon-and-off-white-05.jpg,5,"Maroon & Off White Embroidered Cotton Satin Straight Kurta Pant Dupatta Set, view 5",,,,g,,,,,,,,,,,,,,,,,
maroon-off-white-embroidered-cotton-satin-straight-kurta-pant-dupatta,,,,,,,,,,,,,,,,,,,,https://raw.githubusercontent.com/shardulpandey/raavedic-product-images/main/10014-maroon-and-off-white-06.jpg,6,"Maroon & Off White Embroidered Cotton Satin Straight Kurta Pant Dupatta Set, view 6",,,,,,,,,,,,,,,,,,,,,
maroon-off-white-embroidered-cotton-satin-straight-kurta-pant-dupatta,,,,,,,,,,,,,,,,,,,,https://raw.githubusercontent.com/shardulpandey/raavedic-product-images/main/10014-maroon-and-off-white-07.jpg,7,"Maroon & Off White Embroidered Cotton Satin Straight Kurta Pant Dupatta Set, view 7",,,,,,,,,,,,,,,,,,,,,
maroon-off-white-embroidered-cotton-satin-straight-kurta-pant-dupatta,,,,,,,,,,,,,,,,,,,,https://raw.githubusercontent.com/shardulpandey/raavedic-product-images/main/10014-maroon-and-off-white-08.jpg,8,"Maroon & Off White Embroidered Cotton Satin Straight Kurta Pant Dupatta Set, view 8",,,,,,,,,,,,,,,,,,,,,
maroon-off-white-embroidered-cotton-satin-straight-kurta-pant-dupatta,,,,,,,,,,,,,,,,,,,,https://raw.githubusercontent.com/shardulpandey/raavedic-product-images/main/10014-maroon-and-off-white-09.jpg,9,"Maroon & Off White Embroidered Cotton Satin Straight Kurta Pant Dupatta Set, view 9",,,,,,,,,,,,,,,,,,,,,
navy-cotton-flex-straight-kurta,Navy Cotton Flex Straight Kurta,"<p>Elevate your everyday ethnic style with this elegant Navy Cotton Flex Kurta, crafted for all-day comfort and effortless sophistication. Designed with a classic mandarin collar, buttoned placket, and three-quarter sleeves, this straight-fit kurta offers a clean and timeless silhouette. The breathable cotton flex fabric ensures a comfortable feel, making it an ideal choice for office wear, casual outings, and everyday elegance.</p><h3>Key Features</h3><ul><li><strong>Product Type:</strong> Kurta</li><li><strong>Colour:</strong> Navy</li><li><strong>Fabric:</strong> Cotton Flex</li><li><strong>Fit:</strong> Straight Fit</li><li><strong>Pattern:</strong> Solid</li><li><strong>Neckline:</strong> Mandarin V-Neck with Button Placket</li><li><strong>Sleeves:</strong> Three-Quarter Sleeves</li><li><strong>Care Instructions:</strong> Gentle Machine Wash or Hand Wash Separately</li><li><strong>Net Quantity:</strong> 1</li></ul>",Raa Vedic,Kurta,"Kurta, Cotton Flex, Under 1500, Under the Neem Trees, Navy, Straight Fit, Office Wear, Casual, Daily Wear",TRUE,Size,S,10009-NAVY-S,320,shopify,10,deny,manual,1299,,TRUE,TRUE,8903629388486,https://raw.githubusercontent.com/shardulpandey/raavedic-product-images/main/10009-navy-01.jpg,1,"Navy Cotton Flex Straight Kurta, view 1",FALSE,Navy Cotton Flex Straight Kurta | Raa Vedic,"Elevate your everyday ethnic style with this elegant Navy Cotton Flex Kurta, crafted for all-day comfort and effortless sophistication. Designed with a classic mandarin collar, buttoned placket, and three-quarter sleeves, this straight-fit kurta offers a clean and timeless silhouette. The breathable cotton flex fabric ",g,active,10009,Cotton Flex,Navy,Straight Fit,Mandarin V-Neck with Button Placket,Three-Quarter Sleeves,,,Solid,,Gentle Machine Wash or Hand Wash Separately,1,,India,"Vedic Apparel Pvt Ltd, 2B,2nd floor, Sambhav House, Premchandnagar Road, Judges Bunglow Rd, Bodakdev, Ahmedabad, Gujarat 380015","Vedic Apparel Pvt Ltd, 2B,2nd floor, Sambhav House, Premchandnagar Road, Judges Bunglow Rd, Bodakdev, Ahmedabad, Gujarat 380015"
navy-cotton-flex-straight-kurta,,,,,,,Size,M,10009-NAVY-M,320,shopify,10,deny,manual,1299,,TRUE,TRUE,8903629388493,https://raw.githubusercontent.com/shardulpandey/raavedic-product-images/main/10009-navy-02.jpg,2,"Navy Cotton Flex Straight Kurta, view 2",,,,g,,,,,,,,,,,,,,,,,
navy-cotton-flex-straight-kurta,,,,,,,Size,L,10009-NAVY-L,320,shopify,10,deny,manual,1299,,TRUE,TRUE,8903629388509,https://raw.githubusercontent.com/shardulpandey/raavedic-product-images/main/10009-navy-03.jpg,3,"Navy Cotton Flex Straight Kurta, view 3",,,,g,,,,,,,,,,,,,,,,,
navy-cotton-flex-straight-kurta,,,,,,,Size,XL,10009-NAVY-XL,320,shopify,10,deny,manual,1299,,TRUE,TRUE,8903629388516,https://raw.githubusercontent.com/shardulpandey/raavedic-product-images/main/10009-navy-04.jpg,4,"Navy Cotton Flex Straight Kurta, view 4",,,,g,,,,,,,,,,,,,,,,,
navy-cotton-flex-straight-kurta,,,,,,,Size,XXL,10009-NAVY-XXL,320,shopify,10,deny,manual,1299,,TRUE,TRUE,8903629388523,https://raw.githubusercontent.com/shardulpandey/raavedic-product-images/main/10009-navy-05.jpg,5,"Navy Cotton Flex Straight Kurta, view 5",,,,g,,,,,,,,,,,,,,,,,
navy-cotton-flex-straight-kurta,,,,,,,,,,,,,,,,,,,,https://raw.githubusercontent.com/shardulpandey/raavedic-product-images/main/10009-navy-06.jpg,6,"Navy Cotton Flex Straight Kurta, view 6",,,,,,,,,,,,,,,,,,,,,
navy-cotton-flex-straight-kurta,,,,,,,,,,,,,,,,,,,,https://raw.githubusercontent.com/shardulpandey/raavedic-product-images/main/10009-navy-07.jpg,7,"Navy Cotton Flex Straight Kurta, view 7",,,,,,,,,,,,,,,,,,,,,
navy-cotton-flex-straight-kurta,,,,,,,,,,,,,,,,,,,,https://raw.githubusercontent.com/shardulpandey/raavedic-product-images/main/10009-navy-08.jpg,8,"Navy Cotton Flex Straight Kurta, view 8",,,,,,,,,,,,,,,,,,,,,
navy-cotton-flex-straight-kurta,,,,,,,,,,,,,,,,,,,,https://raw.githubusercontent.com/shardulpandey/raavedic-product-images/main/10009-navy-09.jpg,9,"Navy Cotton Flex Straight Kurta, view 9",,,,,,,,,,,,,,,,,,,,,
navy-cotton-flex-straight-kurta,,,,,,,,,,,,,,,,,,,,https://raw.githubusercontent.com/shardulpandey/raavedic-product-images/main/10009-navy-10.jpg,10,"Navy Cotton Flex Straight Kurta, view 10",,,,,,,,,,,,,,,,,,,,,
green-printed-romanam-top,Green Printed Romanam Top,"<p>Refresh your everyday wardrobe with this stylish Green Printed Romanam Top, crafted from soft and comfortable Romanam fabric. Featuring an elegant all-over floral print, a mandarin collar, and three-quarter sleeves, this top offers a perfect blend of comfort and contemporary style. Pair it with trousers, jeans, or ethnic bottoms.</p><h3>Key Features</h3><ul><li><strong>Product Type:</strong> Tunic top</li><li><strong>Colour:</strong> Green</li><li><strong>Fabric:</strong> Romanam</li><li><strong>Fit:</strong> Regular Fit</li><li><strong>Pattern:</strong> Floral Print</li><li><strong>Neckline:</strong> Mandarin Collar</li><li><strong>Sleeves:</strong> Three-Quarter Sleeves</li><li><strong>Care Instructions:</strong> Gentle Machine Wash or Hand Wash</li><li><strong>Net Quantity:</strong> 1</li><li><strong>Model Size:</strong> The model (height 5'6) is wearing a size M</li></ul>",Raa Vedic,Top,"Top, Romanam, Under 1500, Under the Neem Trees, Green, Printed, Floral, Daily Wear",TRUE,Size,S,10069-GREEN-S,260,shopify,10,deny,manual,1299,,TRUE,TRUE,8903629427727,https://raw.githubusercontent.com/shardulpandey/raavedic-product-images/main/10069-green-01.jpg,1,"Green Printed Romanam Top, view 1",FALSE,Green Printed Romanam Top | Raa Vedic,"Refresh your everyday wardrobe with this stylish Green Printed Romanam Top, crafted from soft and comfortable Romanam fabric. Featuring an elegant all-over floral print, a mandarin collar, and three-quarter sleeves, this top offers a perfect blend of comfort and contemporary style. Pair it with trousers, jeans, or ethn",g,active,10069,Romanam,Green,Regular Fit,Mandarin Collar,Three-Quarter Sleeves,,,Floral Print,,Gentle Machine Wash or Hand Wash,1,The model (height 5'6) is wearing a size M,India,"Vedic Apparel Pvt Ltd, 2B,2nd floor, Sambhav House, Premchandnagar Road, Judges Bunglow Rd, Bodakdev, Ahmedabad, Gujarat 380015","Vedic Apparel Pvt Ltd, 2B,2nd floor, Sambhav House, Premchandnagar Road, Judges Bunglow Rd, Bodakdev, Ahmedabad, Gujarat 380015"
green-printed-romanam-top,,,,,,,Size,M,10069-GREEN-M,260,shopify,10,deny,manual,1299,,TRUE,TRUE,8903629427734,https://raw.githubusercontent.com/shardulpandey/raavedic-product-images/main/10069-green-02.jpg,2,"Green Printed Romanam Top, view 2",,,,g,,,,,,,,,,,,,,,,,
green-printed-romanam-top,,,,,,,Size,L,10069-GREEN-L,260,shopify,10,deny,manual,1299,,TRUE,TRUE,8903629427741,https://raw.githubusercontent.com/shardulpandey/raavedic-product-images/main/10069-green-03.jpg,3,"Green Printed Romanam Top, view 3",,,,g,,,,,,,,,,,,,,,,,
green-printed-romanam-top,,,,,,,Size,XL,10069-GREEN-XL,260,shopify,10,deny,manual,1299,,TRUE,TRUE,8903629427758,https://raw.githubusercontent.com/shardulpandey/raavedic-product-images/main/10069-green-04.jpg,4,"Green Printed Romanam Top, view 4",,,,g,,,,,,,,,,,,,,,,,
green-printed-romanam-top,,,,,,,Size,XXL,10069-GREEN-XXL,260,shopify,10,deny,manual,1299,,TRUE,TRUE,8903629427765,https://raw.githubusercontent.com/shardulpandey/raavedic-product-images/main/10069-green-05.jpg,5,"Green Printed Romanam Top, view 5",,,,g,,,,,,,,,,,,,,,,,
green-printed-romanam-top,,,,,,,,,,,,,,,,,,,,https://raw.githubusercontent.com/shardulpandey/raavedic-product-images/main/10069-green-06.jpg,6,"Green Printed Romanam Top, view 6",,,,,,,,,,,,,,,,,,,,,
green-printed-romanam-top,,,,,,,,,,,,,,,,,,,,https://raw.githubusercontent.com/shardulpandey/raavedic-product-images/main/10069-green-07.jpg,7,"Green Printed Romanam Top, view 7",,,,,,,,,,,,,,,,,,,,,
lavender-floral-printed-romanam-top,Lavender Floral Printed Romanam Top,"<p>Elevate your everyday style with this Lavender Floral Printed Romanam Top, crafted from soft and comfortable Romanam fabric. Featuring an elegant floral print, a smart mandarin collar, and three-quarter sleeves, this top offers a perfect balance of comfort and sophistication. Its versatile design pairs effortlessly with trousers, jeans, or ethnic bottoms.</p><h3>Key Features</h3><ul><li><strong>Product Type:</strong> Tunic top</li><li><strong>Colour:</strong> Lavender</li><li><strong>Fabric:</strong> Romanam</li><li><strong>Fit:</strong> Regular Fit</li><li><strong>Pattern:</strong> Floral Print</li><li><strong>Neckline:</strong> Mandarin Collar</li><li><strong>Sleeves:</strong> Three-Quarter Sleeves</li><li><strong>Care Instructions:</strong> Gentle Machine Wash or Hand Wash</li><li><strong>Net Quantity:</strong> 1</li><li><strong>Model Size:</strong> The model (height 5'6) is wearing a size M</li></ul>",Raa Vedic,Top,"Top, Romanam, Under 1500, Under the Neem Trees, Lavender, Printed, Floral, Daily Wear",TRUE,Size,S,10064-LAVENDER-S,260,shopify,10,deny,manual,1299,,TRUE,TRUE,8903629426317,https://raw.githubusercontent.com/shardulpandey/raavedic-product-images/main/10064-lavender-01.jpg,1,"Lavender Floral Printed Romanam Top, view 1",FALSE,Lavender Floral Printed Romanam Top | Raa Vedic,"Elevate your everyday style with this Lavender Floral Printed Romanam Top, crafted from soft and comfortable Romanam fabric. Featuring an elegant floral print, a smart mandarin collar, and three-quarter sleeves, this top offers a perfect balance of comfort and sophistication. Its versatile design pairs effortlessly wit",g,active,10064,Romanam,Lavender,Regular Fit,Mandarin Collar,Three-Quarter Sleeves,,,Floral Print,,Gentle Machine Wash or Hand Wash,1,The model (height 5'6) is wearing a size M,India,"Vedic Apparel Pvt Ltd, 2B,2nd floor, Sambhav House, Premchandnagar Road, Judges Bunglow Rd, Bodakdev, Ahmedabad, Gujarat 380015","Vedic Apparel Pvt Ltd, 2B,2nd floor, Sambhav House, Premchandnagar Road, Judges Bunglow Rd, Bodakdev, Ahmedabad, Gujarat 380015"
lavender-floral-printed-romanam-top,,,,,,,Size,M,10064-LAVENDER-M,260,shopify,10,deny,manual,1299,,TRUE,TRUE,8903629426324,https://raw.githubusercontent.com/shardulpandey/raavedic-product-images/main/10064-lavender-02.jpg,2,"Lavender Floral Printed Romanam Top, view 2",,,,g,,,,,,,,,,,,,,,,,
lavender-floral-printed-romanam-top,,,,,,,Size,L,10064-LAVENDER-L,260,shopify,10,deny,manual,1299,,TRUE,TRUE,8903629426331,https://raw.githubusercontent.com/shardulpandey/raavedic-product-images/main/10064-lavender-03.jpg,3,"Lavender Floral Printed Romanam Top, view 3",,,,g,,,,,,,,,,,,,,,,,
lavender-floral-printed-romanam-top,,,,,,,Size,XL,10064-LAVENDER-XL,260,shopify,10,deny,manual,1299,,TRUE,TRUE,8903629426348,https://raw.githubusercontent.com/shardulpandey/raavedic-product-images/main/10064-lavender-04.jpg,4,"Lavender Floral Printed Romanam Top, view 4",,,,g,,,,,,,,,,,,,,,,,
lavender-floral-printed-romanam-top,,,,,,,Size,XXL,10064-LAVENDER-XXL,260,shopify,10,deny,manual,1299,,TRUE,TRUE,8903629426355,https://raw.githubusercontent.com/shardulpandey/raavedic-product-images/main/10064-lavender-05.jpg,5,"Lavender Floral Printed Romanam Top, view 5",,,,g,,,,,,,,,,,,,,,,,
lavender-floral-printed-romanam-top,,,,,,,,,,,,,,,,,,,,https://raw.githubusercontent.com/shardulpandey/raavedic-product-images/main/10064-lavender-06.jpg,6,"Lavender Floral Printed Romanam Top, view 6",,,,,,,,,,,,,,,,,,,,,
lavender-floral-printed-romanam-top,,,,,,,,,,,,,,,,,,,,https://raw.githubusercontent.com/shardulpandey/raavedic-product-images/main/10064-lavender-07.jpg,7,"Lavender Floral Printed Romanam Top, view 7",,,,,,,,,,,,,,,,,,,,,
olive-floral-printed-romanam-top,Olive Floral Printed Romanam Top,"<p>Elevate your everyday style with this Olive Floral Printed Romanam Top, crafted from soft and comfortable Romanam fabric. Featuring an elegant floral print, a smart mandarin collar, and three-quarter sleeves, this top offers a perfect balance of comfort and sophistication. Its versatile design pairs effortlessly with trousers, jeans, or ethnic bottoms.</p><h3>Key Features</h3><ul><li><strong>Product Type:</strong> Tunic top</li><li><strong>Colour:</strong> Olive</li><li><strong>Fabric:</strong> Romanam</li><li><strong>Fit:</strong> Regular Fit</li><li><strong>Pattern:</strong> Floral Print</li><li><strong>Neckline:</strong> Mandarin Collar</li><li><strong>Sleeves:</strong> Three-Quarter Sleeves</li><li><strong>Care Instructions:</strong> Gentle Machine Wash or Hand Wash</li><li><strong>Net Quantity:</strong> 1</li><li><strong>Model Size:</strong> The model (height 5'6) is wearing a size M</li></ul>",Raa Vedic,Top,"Top, Romanam, Under 1500, Under the Neem Trees, Olive, Printed, Floral, Daily Wear",TRUE,Size,S,10062-OLIVE-S,260,shopify,10,deny,manual,1299,,TRUE,TRUE,8903629426218,https://raw.githubusercontent.com/shardulpandey/raavedic-product-images/main/10062-olive-01.jpg,1,"Olive Floral Printed Romanam Top, view 1",FALSE,Olive Floral Printed Romanam Top | Raa Vedic,"Elevate your everyday style with this Olive Floral Printed Romanam Top, crafted from soft and comfortable Romanam fabric. Featuring an elegant floral print, a smart mandarin collar, and three-quarter sleeves, this top offers a perfect balance of comfort and sophistication. Its versatile design pairs effortlessly with t",g,active,10062,Romanam,Olive,Regular Fit,Mandarin Collar,Three-Quarter Sleeves,,,Floral Print,,Gentle Machine Wash or Hand Wash,1,The model (height 5'6) is wearing a size M,India,"Vedic Apparel Pvt Ltd, 2B,2nd floor, Sambhav House, Premchandnagar Road, Judges Bunglow Rd, Bodakdev, Ahmedabad, Gujarat 380015","Vedic Apparel Pvt Ltd, 2B,2nd floor, Sambhav House, Premchandnagar Road, Judges Bunglow Rd, Bodakdev, Ahmedabad, Gujarat 380015"
olive-floral-printed-romanam-top,,,,,,,Size,M,10062-OLIVE-M,260,shopify,10,deny,manual,1299,,TRUE,TRUE,8903629426225,https://raw.githubusercontent.com/shardulpandey/raavedic-product-images/main/10062-olive-02.jpg,2,"Olive Floral Printed Romanam Top, view 2",,,,g,,,,,,,,,,,,,,,,,
olive-floral-printed-romanam-top,,,,,,,Size,L,10062-OLIVE-L,260,shopify,10,deny,manual,1299,,TRUE,TRUE,8903629426232,https://raw.githubusercontent.com/shardulpandey/raavedic-product-images/main/10062-olive-03.jpg,3,"Olive Floral Printed Romanam Top, view 3",,,,g,,,,,,,,,,,,,,,,,
olive-floral-printed-romanam-top,,,,,,,Size,XL,10062-OLIVE-XL,260,shopify,10,deny,manual,1299,,TRUE,TRUE,8903629426249,https://raw.githubusercontent.com/shardulpandey/raavedic-product-images/main/10062-olive-04.jpg,4,"Olive Floral Printed Romanam Top, view 4",,,,g,,,,,,,,,,,,,,,,,
olive-floral-printed-romanam-top,,,,,,,Size,XXL,10062-OLIVE-XXL,260,shopify,10,deny,manual,1299,,TRUE,TRUE,8903629426256,https://raw.githubusercontent.com/shardulpandey/raavedic-product-images/main/10062-olive-05.jpg,5,"Olive Floral Printed Romanam Top, view 5",,,,g,,,,,,,,,,,,,,,,,
olive-floral-printed-romanam-top,,,,,,,,,,,,,,,,,,,,https://raw.githubusercontent.com/shardulpandey/raavedic-product-images/main/10062-olive-06.jpg,6,"Olive Floral Printed Romanam Top, view 6",,,,,,,,,,,,,,,,,,,,,
olive-floral-printed-romanam-top,,,,,,,,,,,,,,,,,,,,https://raw.githubusercontent.com/shardulpandey/raavedic-product-images/main/10062-olive-07.jpg,7,"Olive Floral Printed Romanam Top, view 7",,,,,,,,,,,,,,,,,,,,,
off-white-floral-printed-romanam-top,Off White Floral Printed Romanam Top,"<p>Elevate your everyday style with this Off white Floral Printed Romanam Top, crafted from soft and comfortable Romanam fabric. Featuring an elegant floral print, a smart mandarin collar, and three-quarter sleeves, this top offers a perfect balance of comfort and sophistication. Its versatile design pairs effortlessly with trousers, jeans, or ethnic bottoms.</p><h3>Key Features</h3><ul><li><strong>Product Type:</strong> Tunic top</li><li><strong>Colour:</strong> Off White</li><li><strong>Fabric:</strong> Romanam</li><li><strong>Fit:</strong> Regular Fit</li><li><strong>Pattern:</strong> Floral Print</li><li><strong>Neckline:</strong> Mandarin Collar</li><li><strong>Sleeves:</strong> Three-Quarter Sleeves</li><li><strong>Care Instructions:</strong> Gentle Machine Wash or Hand Wash Separately</li><li><strong>Net Quantity:</strong> 1</li><li><strong>Model Size:</strong> The model (height 5'6) is wearing a size M</li></ul>",Raa Vedic,Top,"Top, Romanam, Under 1500, Under the Neem Trees, Off White, Printed, Floral, Daily Wear",TRUE,Size,S,10063-OFFWHITE-S,260,shopify,10,deny,manual,1299,,TRUE,TRUE,8903629426263,https://raw.githubusercontent.com/shardulpandey/raavedic-product-images/main/10063-off-white-01.jpg,1,"Off White Floral Printed Romanam Top, view 1",FALSE,Off White Floral Printed Romanam Top | Raa Vedic,"Elevate your everyday style with this Off white Floral Printed Romanam Top, crafted from soft and comfortable Romanam fabric. Featuring an elegant floral print, a smart mandarin collar, and three-quarter sleeves, this top offers a perfect balance of comfort and sophistication. Its versatile design pairs effortlessly wi",g,active,10063,Romanam,Off White,Regular Fit,Mandarin Collar,Three-Quarter Sleeves,,,Floral Print,,Gentle Machine Wash or Hand Wash Separately,1,The model (height 5'6) is wearing a size M,India,"Vedic Apparel Pvt Ltd, 2B,2nd floor, Sambhav House, Premchandnagar Road, Judges Bunglow Rd, Bodakdev, Ahmedabad, Gujarat 380015","Vedic Apparel Pvt Ltd, 2B,2nd floor, Sambhav House, Premchandnagar Road, Judges Bunglow Rd, Bodakdev, Ahmedabad, Gujarat 380015"
off-white-floral-printed-romanam-top,,,,,,,Size,M,10063-OFFWHITE-M,260,shopify,10,deny,manual,1299,,TRUE,TRUE,8903629426270,https://raw.githubusercontent.com/shardulpandey/raavedic-product-images/main/10063-off-white-02.jpg,2,"Off White Floral Printed Romanam Top, view 2",,,,g,,,,,,,,,,,,,,,,,
off-white-floral-printed-romanam-top,,,,,,,Size,L,10063-OFFWHITE-L,260,shopify,10,deny,manual,1299,,TRUE,TRUE,8903629426287,https://raw.githubusercontent.com/shardulpandey/raavedic-product-images/main/10063-off-white-03.jpg,3,"Off White Floral Printed Romanam Top, view 3",,,,g,,,,,,,,,,,,,,,,,
off-white-floral-printed-romanam-top,,,,,,,Size,XL,10063-OFFWHITE-XL,260,shopify,10,deny,manual,1299,,TRUE,TRUE,8903629426294,https://raw.githubusercontent.com/shardulpandey/raavedic-product-images/main/10063-off-white-04.jpg,4,"Off White Floral Printed Romanam Top, view 4",,,,g,,,,,,,,,,,,,,,,,
off-white-floral-printed-romanam-top,,,,,,,Size,XXL,10063-OFFWHITE-XXL,260,shopify,10,deny,manual,1299,,TRUE,TRUE,8903629426300,https://raw.githubusercontent.com/shardulpandey/raavedic-product-images/main/10063-off-white-05.jpg,5,"Off White Floral Printed Romanam Top, view 5",,,,g,,,,,,,,,,,,,,,,,
off-white-floral-printed-romanam-top,,,,,,,,,,,,,,,,,,,,https://raw.githubusercontent.com/shardulpandey/raavedic-product-images/main/10063-off-white-06.jpg,6,"Off White Floral Printed Romanam Top, view 6",,,,,,,,,,,,,,,,,,,,,
b-pink-cotton-flex-straight-kurta,B.Pink Cotton Flex Straight Kurta,"<p>This elegant Blush Pink Cotton Flex Kurta, crafted for all-day comfort and effortless sophistication. Designed with a classic mandarin collar, buttoned placket, and three-quarter sleeves, this straight-fit kurta offers a clean and timeless silhouette. The breathable cotton flex fabric ensures a comfortable feel.</p><h3>Key Features</h3><ul><li><strong>Product Type:</strong> Kurta</li><li><strong>Colour:</strong> Blush Pink</li><li><strong>Fabric:</strong> Cotton Flex</li><li><strong>Fit:</strong> Straight Fit</li><li><strong>Pattern:</strong> Solid</li><li><strong>Neckline:</strong> Mandarin Collar with Button Placket</li><li><strong>Sleeves:</strong> Three-Quarter Sleeves</li><li><strong>Care Instructions:</strong> Gentle Machine Wash or Hand Wash Separately</li><li><strong>Net Quantity:</strong> 1</li><li><strong>Model Size:</strong> The model (height 5'6) is wearing a size M</li></ul>",Raa Vedic,Kurta,"Kurta, Cotton Flex, Under 1500, Under the Neem Trees, Blush Pink, Straight Fit, Office Wear, Casual, Daily Wear",TRUE,Size,S,10009-BLUSHPIN-S,320,shopify,10,deny,manual,1299,,TRUE,TRUE,8903629388585,https://raw.githubusercontent.com/shardulpandey/raavedic-product-images/main/10009-b-pink-01.jpg,1,"B.Pink Cotton Flex Straight Kurta, view 1",FALSE,B.Pink Cotton Flex Straight Kurta | Raa Vedic,"This elegant Blush Pink Cotton Flex Kurta, crafted for all-day comfort and effortless sophistication. Designed with a classic mandarin collar, buttoned placket, and three-quarter sleeves, this straight-fit kurta offers a clean and timeless silhouette. The breathable cotton flex fabric ensures a comfortable feel.",g,active,10009,Cotton Flex,Blush Pink,Straight Fit,Mandarin Collar with Button Placket,Three-Quarter Sleeves,,,Solid,,Gentle Machine Wash or Hand Wash Separately,1,The model (height 5'6) is wearing a size M,India,"Vedic Apparel Pvt Ltd, 2B,2nd floor, Sambhav House, Premchandnagar Road, Judges Bunglow Rd, Bodakdev, Ahmedabad, Gujarat 380015","Vedic Apparel Pvt Ltd, 2B,2nd floor, Sambhav House, Premchandnagar Road, Judges Bunglow Rd, Bodakdev, Ahmedabad, Gujarat 380015"
b-pink-cotton-flex-straight-kurta,,,,,,,Size,M,10009-BLUSHPIN-M,320,shopify,10,deny,manual,1299,,TRUE,TRUE,8903629388592,https://raw.githubusercontent.com/shardulpandey/raavedic-product-images/main/10009-b-pink-02.jpg,2,"B.Pink Cotton Flex Straight Kurta, view 2",,,,g,,,,,,,,,,,,,,,,,
b-pink-cotton-flex-straight-kurta,,,,,,,Size,L,10009-BLUSHPIN-L,320,shopify,10,deny,manual,1299,,TRUE,TRUE,8903629388608,https://raw.githubusercontent.com/shardulpandey/raavedic-product-images/main/10009-b-pink-03.jpg,3,"B.Pink Cotton Flex Straight Kurta, view 3",,,,g,,,,,,,,,,,,,,,,,
b-pink-cotton-flex-straight-kurta,,,,,,,Size,XL,10009-BLUSHPIN-XL,320,shopify,10,deny,manual,1299,,TRUE,TRUE,8903629388615,https://raw.githubusercontent.com/shardulpandey/raavedic-product-images/main/10009-b-pink-04.jpg,4,"B.Pink Cotton Flex Straight Kurta, view 4",,,,g,,,,,,,,,,,,,,,,,
b-pink-cotton-flex-straight-kurta,,,,,,,Size,XXL,10009-BLUSHPIN-XXL,320,shopify,10,deny,manual,1299,,TRUE,TRUE,8903629388622,https://raw.githubusercontent.com/shardulpandey/raavedic-product-images/main/10009-b-pink-05.jpg,5,"B.Pink Cotton Flex Straight Kurta, view 5",,,,g,,,,,,,,,,,,,,,,,
b-pink-cotton-flex-straight-kurta,,,,,,,,,,,,,,,,,,,,https://raw.githubusercontent.com/shardulpandey/raavedic-product-images/main/10009-b-pink-06.jpg,6,"B.Pink Cotton Flex Straight Kurta, view 6",,,,,,,,,,,,,,,,,,,,,
b-pink-cotton-flex-straight-kurta,,,,,,,,,,,,,,,,,,,,https://raw.githubusercontent.com/shardulpandey/raavedic-product-images/main/10009-b-pink-07.jpg,7,"B.Pink Cotton Flex Straight Kurta, view 7",,,,,,,,,,,,,,,,,,,,,
b-pink-cotton-flex-straight-kurta,,,,,,,,,,,,,,,,,,,,https://raw.githubusercontent.com/shardulpandey/raavedic-product-images/main/10009-b-pink-08.jpg,8,"B.Pink Cotton Flex Straight Kurta, view 8",,,,,,,,,,,,,,,,,,,,,
white-pink-floral-printed-cotton-straight-kurta-pant-set-10054-a,White & Pink Floral Printed Cotton Straight Kurta Pant Set,"<p>This White & Pink Floral Printed 2-Piece Kurta Pant Set, crafted from premium cotton fabric for breathable comfort and a soft feel. The straight-fit kurta features an elegant all-over floral print in delicate pink hues, enhanced with subtle geometric patterns, a flattering V-neckline, and contrast printed detailing on the neckline, sleeves, and side panels. Paired with matching white straight pants featuring coordinated border accents, this ensemble is perfect for office wear, casual outings, family gatherings, and daytime occasions. this elegant Blue Floral Printed Kurta Pant Dupatta Set, crafted from premium Fendy Silk fabric for a luxurious feel and graceful drape. The straight-fit kurta features delicate floral prints along the hem, accented with subtle motifs throughout and contrast yellow piping on the neckline, sleeves, and hem for a sophisticated finish. Paired with matching straight pants in a complementary blue shade, this ensemble offers the perfect blend of elegance and comfort.</p><h3>Key Features</h3><ul><li><strong>Product Type:</strong> 3-Piece Kurta Pant Dupatta Set</li><li><strong>Colour:</strong> White & Pink</li><li><strong>Fabric:</strong> Cotton</li><li><strong>Fit:</strong> Straight Fit</li><li><strong>Pattern:</strong> Floral Print with Delicate Buti Motifs</li><li><strong>Neckline:</strong> Split Round Neck</li><li><strong>Sleeves:</strong> Three-Quarter Sleeves</li><li><strong>Bottom:</strong> Solid Straight Fendy Silk Pants</li><li><strong>Care Instructions:</strong> Dry Clean Recommended or Gentle Hand Wash</li><li><strong>Net Quantity:</strong> 3</li><li><strong>Model Size:</strong> The model (height 5'6) is wearing a size M</li></ul>",Raa Vedic,Kurta Set,"2 Piece Set, Cotton, 1500 to 2500, Under the Neem Trees, White & Pink, White, Pink, Straight Fit, Printed, Floral, Office Wear, Casual, Family Gatherings",TRUE,Size,S,10054A-WHITEPIN-S,520,shopify,10,deny,manual,1999,,TRUE,TRUE,8903629426812,https://raw.githubusercontent.com/shardulpandey/raavedic-product-images/main/10054-a-white-and-pink-01.jpg,1,"White & Pink Floral Printed Cotton Straight Kurta Pant Set, view 1",FALSE,White & Pink Floral Printed Cotton Straight Kurta Pant Set | Raa Vedic,"This White & Pink Floral Printed 2-Piece Kurta Pant Set, crafted from premium cotton fabric for breathable comfort and a soft feel. The straight-fit kurta features an elegant all-over floral print in delicate pink hues, enhanced with subtle geometric patterns, a flattering V-neckline, and contrast printed detailing on ",g,active,10054-A,Cotton,White & Pink,Straight Fit,Split Round Neck,Three-Quarter Sleeves,Solid Straight Fendy Silk Pants,,Floral Print with Delicate Buti Motifs,,Dry Clean Recommended or Gentle Hand Wash,3,The model (height 5'6) is wearing a size M,India,"Vedic Apparel Pvt Ltd, 2B,2nd floor, Sambhav House, Premchandnagar Road, Judges Bunglow Rd, Bodakdev, Ahmedabad, Gujarat 380015","Vedic Apparel Pvt Ltd, 2B,2nd floor, Sambhav House, Premchandnagar Road, Judges Bunglow Rd, Bodakdev, Ahmedabad, Gujarat 380015"
white-pink-floral-printed-cotton-straight-kurta-pant-set-10054-a,,,,,,,Size,M,10054A-WHITEPIN-M,520,shopify,10,deny,manual,1999,,TRUE,TRUE,8903629426829,https://raw.githubusercontent.com/shardulpandey/raavedic-product-images/main/10054-a-white-and-pink-02.jpg,2,"White & Pink Floral Printed Cotton Straight Kurta Pant Set, view 2",,,,g,,,,,,,,,,,,,,,,,
white-pink-floral-printed-cotton-straight-kurta-pant-set-10054-a,,,,,,,Size,L,10054A-WHITEPIN-L,520,shopify,10,deny,manual,1999,,TRUE,TRUE,8903629426836,https://raw.githubusercontent.com/shardulpandey/raavedic-product-images/main/10054-a-white-and-pink-03.jpg,3,"White & Pink Floral Printed Cotton Straight Kurta Pant Set, view 3",,,,g,,,,,,,,,,,,,,,,,
white-pink-floral-printed-cotton-straight-kurta-pant-set-10054-a,,,,,,,Size,XL,10054A-WHITEPIN-XL,520,shopify,10,deny,manual,1999,,TRUE,TRUE,8903629426843,https://raw.githubusercontent.com/shardulpandey/raavedic-product-images/main/10054-a-white-and-pink-04.jpg,4,"White & Pink Floral Printed Cotton Straight Kurta Pant Set, view 4",,,,g,,,,,,,,,,,,,,,,,
white-pink-floral-printed-cotton-straight-kurta-pant-set-10054-a,,,,,,,Size,XXL,10054A-WHITEPIN-XXL,520,shopify,10,deny,manual,1999,,TRUE,TRUE,8903629426850,https://raw.githubusercontent.com/shardulpandey/raavedic-product-images/main/10054-a-white-and-pink-05.jpg,5,"White & Pink Floral Printed Cotton Straight Kurta Pant Set, view 5",,,,g,,,,,,,,,,,,,,,,,
white-pink-floral-printed-cotton-straight-kurta-pant-set-10054-a,,,,,,,,,,,,,,,,,,,,https://raw.githubusercontent.com/shardulpandey/raavedic-product-images/main/10054-a-white-and-pink-06.jpg,6,"White & Pink Floral Printed Cotton Straight Kurta Pant Set, view 6",,,,,,,,,,,,,,,,,,,,,
white-pink-floral-printed-cotton-straight-kurta-pant-set-10054-a,,,,,,,,,,,,,,,,,,,,https://raw.githubusercontent.com/shardulpandey/raavedic-product-images/main/10054-a-white-and-pink-07.jpg,7,"White & Pink Floral Printed Cotton Straight Kurta Pant Set, view 7",,,,,,,,,,,,,,,,,,,,,
white-pink-floral-printed-cotton-straight-kurta-pant-set-10054-a,,,,,,,,,,,,,,,,,,,,https://raw.githubusercontent.com/shardulpandey/raavedic-product-images/main/10054-a-white-and-pink-08.jpg,8,"White & Pink Floral Printed Cotton Straight Kurta Pant Set, view 8",,,,,,,,,,,,,,,,,,,,,
peach-embroidered-rayon-straight-kurta-pant-dupatta-set,Peach Embroidered Rayon Straight Kurta Pant Dupatta Set,"<p>Peach Embroidered 3-Piece Kurta Pant Dupatta Set, crafted from premium rayon fabric for a soft feel, breathable comfort, and a graceful drape. The straight-fit kurta is beautifully adorned with intricate peach floral embroidery across the yoke, sleeves, and front panel, adding a touch of timeless sophistication. Paired with matching straight pants and a lightweight embroidered dupatta, this ensemble is perfect for festive occasions, family gatherings, office wear, and elegant daytime celebrations.</p><h3>Key Features</h3><ul><li><strong>Product Type:</strong> 3-Piece Kurta Pant Dupatta Set</li><li><strong>Colour:</strong> Peach</li><li><strong>Fabric:</strong> Rayon</li><li><strong>Fit:</strong> Straight Fit</li><li><strong>Neckline:</strong> Round V-Neck</li><li><strong>Sleeves:</strong> Three-Quarter Sleeves</li><li><strong>Bottom:</strong> Solid Straight Rayon Pants</li><li><strong>Dupatta:</strong> Lightweight Embroidered Dupatta</li><li><strong>Care Instructions:</strong> Gentle Hand Wash or Machine Wash on Delicate Cycle</li><li><strong>Net Quantity:</strong> 3</li><li><strong>Model Size:</strong> The model (height 5'6) is wearing a size M</li></ul>",Raa Vedic,Kurta Set,"3 Piece Set, Rayon, 2500 to 3500, Under the Neem Trees, Peach, Straight Fit, Embroidered, Floral, Festive, Office Wear, Family Gatherings, Daytime Celebrations",TRUE,Size,S,10041-PEACH-S,700,shopify,10,deny,manual,2599,,TRUE,TRUE,8903629425761,https://raw.githubusercontent.com/shardulpandey/raavedic-product-images/main/10041-peach-01.jpg,1,"Peach Embroidered Rayon Straight Kurta Pant Dupatta Set, view 1",FALSE,Peach Embroidered Rayon Straight Kurta Pant Dupatta Set | Raa Vedic,"Peach Embroidered 3-Piece Kurta Pant Dupatta Set, crafted from premium rayon fabric for a soft feel, breathable comfort, and a graceful drape. The straight-fit kurta is beautifully adorned with intricate peach floral embroidery across the yoke, sleeves, and front panel, adding a touch of timeless sophistication. Paired",g,active,10041,Rayon,Peach,Straight Fit,Round V-Neck,Three-Quarter Sleeves,Solid Straight Rayon Pants,Lightweight Embroidered Dupatta,,,Gentle Hand Wash or Machine Wash on Delicate Cycle,3,The model (height 5'6) is wearing a size M,India,"Vedic Apparel Pvt Ltd, 2B,2nd floor, Sambhav House, Premchandnagar Road, Judges Bunglow Rd, Bodakdev, Ahmedabad, Gujarat 380015","Vedic Apparel Pvt Ltd, 2B,2nd floor, Sambhav House, Premchandnagar Road, Judges Bunglow Rd, Bodakdev, Ahmedabad, Gujarat 380015"
peach-embroidered-rayon-straight-kurta-pant-dupatta-set,,,,,,,Size,M,10041-PEACH-M,700,shopify,10,deny,manual,2599,,TRUE,TRUE,8903629425778,https://raw.githubusercontent.com/shardulpandey/raavedic-product-images/main/10041-peach-02.jpg,2,"Peach Embroidered Rayon Straight Kurta Pant Dupatta Set, view 2",,,,g,,,,,,,,,,,,,,,,,
peach-embroidered-rayon-straight-kurta-pant-dupatta-set,,,,,,,Size,L,10041-PEACH-L,700,shopify,10,deny,manual,2599,,TRUE,TRUE,8903629425785,https://raw.githubusercontent.com/shardulpandey/raavedic-product-images/main/10041-peach-03.jpg,3,"Peach Embroidered Rayon Straight Kurta Pant Dupatta Set, view 3",,,,g,,,,,,,,,,,,,,,,,
peach-embroidered-rayon-straight-kurta-pant-dupatta-set,,,,,,,Size,XL,10041-PEACH-XL,700,shopify,10,deny,manual,2599,,TRUE,TRUE,8903629425792,https://raw.githubusercontent.com/shardulpandey/raavedic-product-images/main/10041-peach-04.jpg,4,"Peach Embroidered Rayon Straight Kurta Pant Dupatta Set, view 4",,,,g,,,,,,,,,,,,,,,,,
peach-embroidered-rayon-straight-kurta-pant-dupatta-set,,,,,,,Size,XXL,10041-PEACH-XXL,700,shopify,10,deny,manual,2599,,TRUE,TRUE,8903629425808,https://raw.githubusercontent.com/shardulpandey/raavedic-product-images/main/10041-peach-05.jpg,5,"Peach Embroidered Rayon Straight Kurta Pant Dupatta Set, view 5",,,,g,,,,,,,,,,,,,,,,,
peach-embroidered-rayon-straight-kurta-pant-dupatta-set,,,,,,,,,,,,,,,,,,,,https://raw.githubusercontent.com/shardulpandey/raavedic-product-images/main/10041-peach-06.jpg,6,"Peach Embroidered Rayon Straight Kurta Pant Dupatta Set, view 6",,,,,,,,,,,,,,,,,,,,,
peach-embroidered-rayon-straight-kurta-pant-dupatta-set,,,,,,,,,,,,,,,,,,,,https://raw.githubusercontent.com/shardulpandey/raavedic-product-images/main/10041-peach-07.jpg,7,"Peach Embroidered Rayon Straight Kurta Pant Dupatta Set, view 7",,,,,,,,,,,,,,,,,,,,,
peach-embroidered-rayon-straight-kurta-pant-dupatta-set,,,,,,,,,,,,,,,,,,,,https://raw.githubusercontent.com/shardulpandey/raavedic-product-images/main/10041-peach-08.jpg,8,"Peach Embroidered Rayon Straight Kurta Pant Dupatta Set, view 8",,,,,,,,,,,,,,,,,,,,,
olive-embroidered-cotton-satin-kurta-set-with-pants-dupatta-product-de,Olive Embroidered Cotton Satin Kurta Set with Pants & Dupatta Product Description,"<p>Crafted from soft cotton satin fabric, this elegant olive kurta features intricate embroidery on the neckline with subtle embellishments for a graceful look. It is paired with matching straight pants and a lightweight white dupatta with delicate detailing, creating a complete ethnic ensemble. Designed for comfort and style, this outfit is perfect for festive occasions, office wear, casual outings.</p><h3>Key Features</h3><ul><li><strong>Product Type:</strong> 3 Piece Set</li><li><strong>Colour:</strong> Olive</li><li><strong>Fabric:</strong> Cotton Satin</li><li><strong>Fit:</strong> Straight Fit</li><li><strong>Pattern:</strong> Embroidered</li><li><strong>Sleeves:</strong> 3/4 Sleeves</li><li><strong>Net Quantity:</strong> 3</li><li><strong>Model Size:</strong> The model (height 5'6) is wearing a size M</li></ul>",Raa Vedic,Kurta Set,"3 Piece Set, Cotton Satin, 2500 to 3500, Under the Neem Trees, Olive, Straight Fit, Embroidered, Festive, Office Wear, Casual",TRUE,Size,S,10023-OLIVE-S,700,shopify,10,deny,manual,2599,,TRUE,TRUE,8903629425563,https://raw.githubusercontent.com/shardulpandey/raavedic-product-images/main/10023-olive-01.jpg,1,"Olive Embroidered Cotton Satin Kurta Set with Pants & Dupatta Product Description, view 1",FALSE,Olive Embroidered Cotton Satin Kurta Set with Pants & Dupatta Product ,"Crafted from soft cotton satin fabric, this elegant olive kurta features intricate embroidery on the neckline with subtle embellishments for a graceful look. It is paired with matching straight pants and a lightweight white dupatta with delicate detailing, creating a complete ethnic ensemble. Designed for comfort and s",g,active,10023,Cotton Satin,Olive,Straight Fit,Round Neck,3/4 Sleeves,,,Embroidered,,Gentle Machine Wash or Hand Wash Recommended,3,The model (height 5'6) is wearing a size M,India,"Vedic Apparel Pvt Ltd, 2B,2nd floor, Sambhav House, Premchandnagar Road, Judges Bunglow Rd, Bodakdev, Ahmedabad, Gujarat 380015","Vedic Apparel Pvt Ltd, 2B,2nd floor, Sambhav House, Premchandnagar Road, Judges Bunglow Rd, Bodakdev, Ahmedabad, Gujarat 380015"
olive-embroidered-cotton-satin-kurta-set-with-pants-dupatta-product-de,,,,,,,Size,M,10023-OLIVE-M,700,shopify,10,deny,manual,2599,,TRUE,TRUE,8903629425570,https://raw.githubusercontent.com/shardulpandey/raavedic-product-images/main/10023-olive-02.jpg,2,"Olive Embroidered Cotton Satin Kurta Set with Pants & Dupatta Product Description, view 2",,,,g,,,,,,,,,,,,,,,,,
olive-embroidered-cotton-satin-kurta-set-with-pants-dupatta-product-de,,,,,,,Size,L,10023-OLIVE-L,700,shopify,10,deny,manual,2599,,TRUE,TRUE,8903629425587,https://raw.githubusercontent.com/shardulpandey/raavedic-product-images/main/10023-olive-03.jpg,3,"Olive Embroidered Cotton Satin Kurta Set with Pants & Dupatta Product Description, view 3",,,,g,,,,,,,,,,,,,,,,,
olive-embroidered-cotton-satin-kurta-set-with-pants-dupatta-product-de,,,,,,,Size,XL,10023-OLIVE-XL,700,shopify,10,deny,manual,2599,,TRUE,TRUE,8903629425594,https://raw.githubusercontent.com/shardulpandey/raavedic-product-images/main/10023-olive-04.jpg,4,"Olive Embroidered Cotton Satin Kurta Set with Pants & Dupatta Product Description, view 4",,,,g,,,,,,,,,,,,,,,,,
olive-embroidered-cotton-satin-kurta-set-with-pants-dupatta-product-de,,,,,,,Size,XXL,10023-OLIVE-XXL,700,shopify,10,deny,manual,2599,,TRUE,TRUE,8903629425600,https://raw.githubusercontent.com/shardulpandey/raavedic-product-images/main/10023-olive-05.jpg,5,"Olive Embroidered Cotton Satin Kurta Set with Pants & Dupatta Product Description, view 5",,,,g,,,,,,,,,,,,,,,,,
olive-embroidered-cotton-satin-kurta-set-with-pants-dupatta-product-de,,,,,,,,,,,,,,,,,,,,https://raw.githubusercontent.com/shardulpandey/raavedic-product-images/main/10023-olive-06.jpg,6,"Olive Embroidered Cotton Satin Kurta Set with Pants & Dupatta Product Description, view 6",,,,,,,,,,,,,,,,,,,,,
olive-embroidered-cotton-satin-kurta-set-with-pants-dupatta-product-de,,,,,,,,,,,,,,,,,,,,https://raw.githubusercontent.com/shardulpandey/raavedic-product-images/main/10023-olive-07.jpg,7,"Olive Embroidered Cotton Satin Kurta Set with Pants & Dupatta Product Description, view 7",,,,,,,,,,,,,,,,,,,,,
olive-embroidered-cotton-satin-kurta-set-with-pants-dupatta-product-de,,,,,,,,,,,,,,,,,,,,https://raw.githubusercontent.com/shardulpandey/raavedic-product-images/main/10023-olive-08.jpg,8,"Olive Embroidered Cotton Satin Kurta Set with Pants & Dupatta Product Description, view 8",,,,,,,,,,,,,,,,,,,,,
lavender-floral-printed-fendy-silk-straight-kurta-pant-dupatta-set,Lavender Floral Printed Fendy Silk Straight Kurta Pant Dupatta Set,"<p>This elegant Lavender Floral Printed 3-Piece Kurta Pant Dupatta Set, crafted from premium Fendy Silk fabric for a luxurious feel and graceful drape. The straight-fit kurta features delicate floral prints along the hem, accented with subtle motifs throughout and contrast yellow piping on the neckline, sleeves, and hem for a sophisticated finish. Paired with matching straight pants and Dupatta.</p><h3>Key Features</h3><ul><li><strong>Product Type:</strong> 3-Piece Kurta Pant Dupatta Set</li><li><strong>Colour:</strong> Lavender</li><li><strong>Fabric:</strong> Glass Crepe</li><li><strong>Fit:</strong> Straight Fit</li><li><strong>Pattern:</strong> Floral Print with Gold Buti Detailing</li><li><strong>Neckline:</strong> Mandarin V-Neck</li><li><strong>Sleeves:</strong> Three-Quarter Sleeves</li><li><strong>Bottom:</strong> Solid Straight Fendy Silk Pants</li><li><strong>Dupatta:</strong> Floral Printed Fendy Silk Dupatta</li><li><strong>Care Instructions:</strong> Dry Clean Recommended or Gentle Hand Wash</li><li><strong>Net Quantity:</strong> 3</li><li><strong>Model Size:</strong> The model (height 5'6) is wearing a size M</li></ul>",Raa Vedic,Kurta Set,"3 Piece Set, Glass Crepe, 1500 to 2500, Under the Neem Trees, Lavender, Straight Fit, Printed, Floral",TRUE,Size,S,10003-LAVENDER-S,700,shopify,10,deny,manual,2499,,TRUE,TRUE,8903629372232,https://raw.githubusercontent.com/shardulpandey/raavedic-product-images/main/10003-lavender-01.jpg,1,"Lavender Floral Printed Fendy Silk Straight Kurta Pant Dupatta Set, view 1",FALSE,Lavender Floral Printed Fendy Silk Straight Kurta Pant Dupatta Set | R,"This elegant Lavender Floral Printed 3-Piece Kurta Pant Dupatta Set, crafted from premium Fendy Silk fabric for a luxurious feel and graceful drape. The straight-fit kurta features delicate floral prints along the hem, accented with subtle motifs throughout and contrast yellow piping on the neckline, sleeves, and hem f",g,active,10003,Glass Crepe,Lavender,Straight Fit,Mandarin V-Neck,Three-Quarter Sleeves,Solid Straight Fendy Silk Pants,Floral Printed Fendy Silk Dupatta,Floral Print with Gold Buti Detailing,,Dry Clean Recommended or Gentle Hand Wash,3,The model (height 5'6) is wearing a size M,India,"Vedic Apparel Pvt Ltd, 2B,2nd floor, Sambhav House, Premchandnagar Road, Judges Bunglow Rd, Bodakdev, Ahmedabad, Gujarat 380015","Vedic Apparel Pvt Ltd, 2B,2nd floor, Sambhav House, Premchandnagar Road, Judges Bunglow Rd, Bodakdev, Ahmedabad, Gujarat 380015"
lavender-floral-printed-fendy-silk-straight-kurta-pant-dupatta-set,,,,,,,Size,M,10003-LAVENDER-M,700,shopify,10,deny,manual,2499,,TRUE,TRUE,8903629372249,https://raw.githubusercontent.com/shardulpandey/raavedic-product-images/main/10003-lavender-02.jpg,2,"Lavender Floral Printed Fendy Silk Straight Kurta Pant Dupatta Set, view 2",,,,g,,,,,,,,,,,,,,,,,
lavender-floral-printed-fendy-silk-straight-kurta-pant-dupatta-set,,,,,,,Size,L,10003-LAVENDER-L,700,shopify,10,deny,manual,2499,,TRUE,TRUE,8903629372256,https://raw.githubusercontent.com/shardulpandey/raavedic-product-images/main/10003-lavender-03.jpg,3,"Lavender Floral Printed Fendy Silk Straight Kurta Pant Dupatta Set, view 3",,,,g,,,,,,,,,,,,,,,,,
lavender-floral-printed-fendy-silk-straight-kurta-pant-dupatta-set,,,,,,,Size,XL,10003-LAVENDER-XL,700,shopify,10,deny,manual,2499,,TRUE,TRUE,8903629372263,https://raw.githubusercontent.com/shardulpandey/raavedic-product-images/main/10003-lavender-04.jpg,4,"Lavender Floral Printed Fendy Silk Straight Kurta Pant Dupatta Set, view 4",,,,g,,,,,,,,,,,,,,,,,
lavender-floral-printed-fendy-silk-straight-kurta-pant-dupatta-set,,,,,,,Size,XXL,10003-LAVENDER-XXL,700,shopify,10,deny,manual,2499,,TRUE,TRUE,8903629372270,https://raw.githubusercontent.com/shardulpandey/raavedic-product-images/main/10003-lavender-05.jpg,5,"Lavender Floral Printed Fendy Silk Straight Kurta Pant Dupatta Set, view 5",,,,g,,,,,,,,,,,,,,,,,
lavender-floral-printed-fendy-silk-straight-kurta-pant-dupatta-set,,,,,,,,,,,,,,,,,,,,https://raw.githubusercontent.com/shardulpandey/raavedic-product-images/main/10003-lavender-06.jpg,6,"Lavender Floral Printed Fendy Silk Straight Kurta Pant Dupatta Set, view 6",,,,,,,,,,,,,,,,,,,,,
lavender-floral-printed-fendy-silk-straight-kurta-pant-dupatta-set,,,,,,,,,,,,,,,,,,,,https://raw.githubusercontent.com/shardulpandey/raavedic-product-images/main/10003-lavender-07.jpg,7,"Lavender Floral Printed Fendy Silk Straight Kurta Pant Dupatta Set, view 7",,,,,,,,,,,,,,,,,,,,,
lavender-floral-printed-fendy-silk-straight-kurta-pant-dupatta-set,,,,,,,,,,,,,,,,,,,,https://raw.githubusercontent.com/shardulpandey/raavedic-product-images/main/10003-lavender-08.jpg,8,"Lavender Floral Printed Fendy Silk Straight Kurta Pant Dupatta Set, view 8",,,,,,,,,,,,,,,,,,,,,
lavender-floral-printed-fendy-silk-straight-kurta-pant-dupatta-set,,,,,,,,,,,,,,,,,,,,https://raw.githubusercontent.com/shardulpandey/raavedic-product-images/main/10003-lavender-09.jpg,9,"Lavender Floral Printed Fendy Silk Straight Kurta Pant Dupatta Set, view 9",,,,,,,,,,,,,,,,,,,,,
lavender-floral-printed-fendy-silk-straight-kurta-pant-dupatta-set,,,,,,,,,,,,,,,,,,,,https://raw.githubusercontent.com/shardulpandey/raavedic-product-images/main/10003-lavender-10.jpg,10,"Lavender Floral Printed Fendy Silk Straight Kurta Pant Dupatta Set, view 10",,,,,,,,,,,,,,,,,,,,,
peach-embroidered-cotton-flex-straight-kurta-pant-dupatta-set,Peach Embroidered Cotton Flex Straight Kurta Pant Dupatta Set,"<p>This Peach Embroidered 3-Piece Kurta Pant Dupatta Set, crafted from premium Cotton Flex fabric for breathable comfort and a graceful drape. The straight-fit kurta features delicate white embroidery on the yoke, front panel, and hem, creating a refined and sophisticated look. Paired with matching straight white pants and a lightweight white dupatta with subtle embroidered accents, this ensemble is perfect for festive celebrations, office wear, family gatherings, and daytime occasions.</p><h3>Key Features</h3><ul><li><strong>Product Type:</strong> 3-Piece Kurta Pant Dupatta Set</li><li><strong>Colour:</strong> Peach</li><li><strong>Fabric:</strong> Cotton Flex</li><li><strong>Fit:</strong> Straight Fit</li><li><strong>Neckline:</strong> V-Neck</li><li><strong>Sleeves:</strong> Three-Quarter Sleeves</li><li><strong>Bottom:</strong> Solid Straight Cotton Flex Pants</li><li><strong>Dupatta:</strong> White Cotton Dupatta with Delicate Embroidered Accents</li><li><strong>Care Instructions:</strong> Gentle Hand Wash or Machine Wash on Delicate Cycle</li><li><strong>Net Quantity:</strong> 3</li><li><strong>Model Size:</strong> The model (height 5'6) is wearing a size M</li></ul>",Raa Vedic,Kurta Set,"3 Piece Set, Cotton Flex, 2500 to 3500, Under the Neem Trees, Peach, Straight Fit, Embroidered, Festive, Office Wear, Family Gatherings",TRUE,Size,S,10036-PEACH-S,700,shopify,10,deny,manual,2599,,TRUE,TRUE,8903629425310,https://raw.githubusercontent.com/shardulpandey/raavedic-product-images/main/10036-peach-01.jpg,1,"Peach Embroidered Cotton Flex Straight Kurta Pant Dupatta Set, view 1",FALSE,Peach Embroidered Cotton Flex Straight Kurta Pant Dupatta Set | Raa Ve,"This Peach Embroidered 3-Piece Kurta Pant Dupatta Set, crafted from premium Cotton Flex fabric for breathable comfort and a graceful drape. The straight-fit kurta features delicate white embroidery on the yoke, front panel, and hem, creating a refined and sophisticated look. Paired with matching straight white pants an",g,active,10036,Cotton Flex,Peach,Straight Fit,V-Neck,Three-Quarter Sleeves,Solid Straight Cotton Flex Pants,White Cotton Dupatta with Delicate Embroidered Accents,,,Gentle Hand Wash or Machine Wash on Delicate Cycle,3,The model (height 5'6) is wearing a size M,India,"Vedic Apparel Pvt Ltd, 2B,2nd floor, Sambhav House, Premchandnagar Road, Judges Bunglow Rd, Bodakdev, Ahmedabad, Gujarat 380015","Vedic Apparel Pvt Ltd, 2B,2nd floor, Sambhav House, Premchandnagar Road, Judges Bunglow Rd, Bodakdev, Ahmedabad, Gujarat 380015"
peach-embroidered-cotton-flex-straight-kurta-pant-dupatta-set,,,,,,,Size,M,10036-PEACH-M,700,shopify,10,deny,manual,2599,,TRUE,TRUE,8903629425327,https://raw.githubusercontent.com/shardulpandey/raavedic-product-images/main/10036-peach-02.jpg,2,"Peach Embroidered Cotton Flex Straight Kurta Pant Dupatta Set, view 2",,,,g,,,,,,,,,,,,,,,,,
peach-embroidered-cotton-flex-straight-kurta-pant-dupatta-set,,,,,,,Size,L,10036-PEACH-L,700,shopify,10,deny,manual,2599,,TRUE,TRUE,8903629425334,https://raw.githubusercontent.com/shardulpandey/raavedic-product-images/main/10036-peach-03.jpg,3,"Peach Embroidered Cotton Flex Straight Kurta Pant Dupatta Set, view 3",,,,g,,,,,,,,,,,,,,,,,
peach-embroidered-cotton-flex-straight-kurta-pant-dupatta-set,,,,,,,Size,XL,10036-PEACH-XL,700,shopify,10,deny,manual,2599,,TRUE,TRUE,8903629425341,https://raw.githubusercontent.com/shardulpandey/raavedic-product-images/main/10036-peach-04.jpg,4,"Peach Embroidered Cotton Flex Straight Kurta Pant Dupatta Set, view 4",,,,g,,,,,,,,,,,,,,,,,
peach-embroidered-cotton-flex-straight-kurta-pant-dupatta-set,,,,,,,Size,XXL,10036-PEACH-XXL,700,shopify,10,deny,manual,2599,,TRUE,TRUE,8903629425358,https://raw.githubusercontent.com/shardulpandey/raavedic-product-images/main/10036-peach-05.jpg,5,"Peach Embroidered Cotton Flex Straight Kurta Pant Dupatta Set, view 5",,,,g,,,,,,,,,,,,,,,,,
peach-embroidered-cotton-flex-straight-kurta-pant-dupatta-set,,,,,,,,,,,,,,,,,,,,https://raw.githubusercontent.com/shardulpandey/raavedic-product-images/main/10036-peach-06.jpg,6,"Peach Embroidered Cotton Flex Straight Kurta Pant Dupatta Set, view 6",,,,,,,,,,,,,,,,,,,,,
peach-embroidered-cotton-flex-straight-kurta-pant-dupatta-set,,,,,,,,,,,,,,,,,,,,https://raw.githubusercontent.com/shardulpandey/raavedic-product-images/main/10036-peach-07.jpg,7,"Peach Embroidered Cotton Flex Straight Kurta Pant Dupatta Set, view 7",,,,,,,,,,,,,,,,,,,,,
peach-embroidered-cotton-flex-straight-kurta-pant-dupatta-set,,,,,,,,,,,,,,,,,,,,https://raw.githubusercontent.com/shardulpandey/raavedic-product-images/main/10036-peach-08.jpg,8,"Peach Embroidered Cotton Flex Straight Kurta Pant Dupatta Set, view 8",,,,,,,,,,,,,,,,,,,,,
off-white-embroidered-rayon-straight-kurta-pant-dupatta-set,Off White Embroidered Rayon Straight Kurta Pant Dupatta Set,"<p>This Off White Embroidered 3-Piece Kurta Set, crafted from premium rayon fabric for exceptional comfort and a graceful drape. The straight-fit kurta features intricate embroidery on the yoke, adding a refined touch to its minimalistic design. Paired with matching straight pants and a beautifully textured dupatta in a soft mauve hue, this ensemble creates a sophisticated ethnic look perfect for every occasion.</p><h3>Key Features</h3><ul><li><strong>Product Type:</strong> 3-Piece Kurta Pant Dupatta Set</li><li><strong>Colour:</strong> Off White</li><li><strong>Fabric:</strong> Rayon</li><li><strong>Fit:</strong> Straight Fit</li><li><strong>Neckline:</strong> Round Neck with V-Slit</li><li><strong>Sleeves:</strong> Three-Quarter Sleeves</li><li><strong>Bottom:</strong> Solid Straight Rayon Pants</li><li><strong>Dupatta:</strong> Soft Textured Mauve Dupatta with Delicate Border Detailing</li><li><strong>Care Instructions:</strong> Gentle Hand Wash or Machine Wash on Delicate Cycle</li><li><strong>Net Quantity:</strong> 3</li><li><strong>Model Size:</strong> The model (height 5'6) is wearing a size M</li></ul>",Raa Vedic,Kurta Set,"3 Piece Set, Rayon, 2500 to 3500, Under the Neem Trees, Off White, Straight Fit, Embroidered",TRUE,Size,S,10025-OFFWHITE-S,700,shopify,10,deny,manual,2599,,TRUE,TRUE,8903629425815,https://raw.githubusercontent.com/shardulpandey/raavedic-product-images/main/10025-off-white-01.jpg,1,"Off White Embroidered Rayon Straight Kurta Pant Dupatta Set, view 1",FALSE,Off White Embroidered Rayon Straight Kurta Pant Dupatta Set | Raa Vedi,"This Off White Embroidered 3-Piece Kurta Set, crafted from premium rayon fabric for exceptional comfort and a graceful drape. The straight-fit kurta features intricate embroidery on the yoke, adding a refined touch to its minimalistic design. Paired with matching straight pants and a beautifully textured dupatta in a s",g,active,10025,Rayon,Off White,Straight Fit,Round Neck with V-Slit,Three-Quarter Sleeves,Solid Straight Rayon Pants,Soft Textured Mauve Dupatta with Delicate Border Detailing,,,Gentle Hand Wash or Machine Wash on Delicate Cycle,3,The model (height 5'6) is wearing a size M,India,"Vedic Apparel Pvt Ltd, 2B,2nd floor, Sambhav House, Premchandnagar Road, Judges Bunglow Rd, Bodakdev, Ahmedabad, Gujarat 380015","Vedic Apparel Pvt Ltd, 2B,2nd floor, Sambhav House, Premchandnagar Road, Judges Bunglow Rd, Bodakdev, Ahmedabad, Gujarat 380015"
off-white-embroidered-rayon-straight-kurta-pant-dupatta-set,,,,,,,Size,M,10025-OFFWHITE-M,700,shopify,10,deny,manual,2599,,TRUE,TRUE,8903629425822,https://raw.githubusercontent.com/shardulpandey/raavedic-product-images/main/10025-off-white-02.jpg,2,"Off White Embroidered Rayon Straight Kurta Pant Dupatta Set, view 2",,,,g,,,,,,,,,,,,,,,,,
off-white-embroidered-rayon-straight-kurta-pant-dupatta-set,,,,,,,Size,L,10025-OFFWHITE-L,700,shopify,10,deny,manual,2599,,TRUE,TRUE,8903629425839,https://raw.githubusercontent.com/shardulpandey/raavedic-product-images/main/10025-off-white-03.jpg,3,"Off White Embroidered Rayon Straight Kurta Pant Dupatta Set, view 3",,,,g,,,,,,,,,,,,,,,,,
off-white-embroidered-rayon-straight-kurta-pant-dupatta-set,,,,,,,Size,XL,10025-OFFWHITE-XL,700,shopify,10,deny,manual,2599,,TRUE,TRUE,8903629425846,https://raw.githubusercontent.com/shardulpandey/raavedic-product-images/main/10025-off-white-04.jpg,4,"Off White Embroidered Rayon Straight Kurta Pant Dupatta Set, view 4",,,,g,,,,,,,,,,,,,,,,,
off-white-embroidered-rayon-straight-kurta-pant-dupatta-set,,,,,,,Size,XXL,10025-OFFWHITE-XXL,700,shopify,10,deny,manual,2599,,TRUE,TRUE,8903629425853,https://raw.githubusercontent.com/shardulpandey/raavedic-product-images/main/10025-off-white-05.jpg,5,"Off White Embroidered Rayon Straight Kurta Pant Dupatta Set, view 5",,,,g,,,,,,,,,,,,,,,,,
off-white-embroidered-rayon-straight-kurta-pant-dupatta-set,,,,,,,,,,,,,,,,,,,,https://raw.githubusercontent.com/shardulpandey/raavedic-product-images/main/10025-off-white-06.jpg,6,"Off White Embroidered Rayon Straight Kurta Pant Dupatta Set, view 6",,,,,,,,,,,,,,,,,,,,,
off-white-embroidered-rayon-straight-kurta-pant-dupatta-set,,,,,,,,,,,,,,,,,,,,https://raw.githubusercontent.com/shardulpandey/raavedic-product-images/main/10025-off-white-07.jpg,7,"Off White Embroidered Rayon Straight Kurta Pant Dupatta Set, view 7",,,,,,,,,,,,,,,,,,,,,
off-white-embroidered-rayon-straight-kurta-pant-dupatta-set,,,,,,,,,,,,,,,,,,,,https://raw.githubusercontent.com/shardulpandey/raavedic-product-images/main/10025-off-white-08.jpg,8,"Off White Embroidered Rayon Straight Kurta Pant Dupatta Set, view 8",,,,,,,,,,,,,,,,,,,,,
sea-green-embroidered-cotton-flex-straight-kurta-pant-dupatta-set-10037,Sea Green Embroidered Cotton Flex Straight Kurta Pant Dupatta Set,"<p>Sea Green Embroidered 3-Piece Kurta Pant Dupatta Set, crafted from premium Cotton Flex fabric for breathable comfort and an elegant drape. The straight-fit kurta features delicate floral embroidery with intricate lace detailing on the neckline, front panel, and hem, creating a sophisticated yet graceful look. Paired with matching straight pants and a coordinated lightweight dupatta.</p><h3>Key Features</h3><ul><li><strong>Product Type:</strong> 3 Piece Set</li><li><strong>Colour:</strong> Sea Green</li><li><strong>Fabric:</strong> Cotton Flex</li></ul>",Raa Vedic,Kurta Set,"3 Piece Set, Cotton Flex, 2500 to 3500, Under the Neem Trees, Sea Green, Straight Fit, Embroidered, Floral",TRUE,Size,S,10037-SEAGREEN-S,700,shopify,10,deny,manual,2599,,TRUE,TRUE,8903629425365,https://raw.githubusercontent.com/shardulpandey/raavedic-product-images/main/10037-sea-green-01.jpg,1,"Sea Green Embroidered Cotton Flex Straight Kurta Pant Dupatta Set, view 1",FALSE,Sea Green Embroidered Cotton Flex Straight Kurta Pant Dupatta Set | Ra,"Sea Green Embroidered 3-Piece Kurta Pant Dupatta Set, crafted from premium Cotton Flex fabric for breathable comfort and an elegant drape. The straight-fit kurta features delicate floral embroidery with intricate lace detailing on the neckline, front panel, and hem, creating a sophisticated yet graceful look. Paired wi",g,active,10037,Cotton Flex,Sea Green,,,,,,,,,,,India,"Vedic Apparel Pvt Ltd, 2B,2nd floor, Sambhav House, Premchandnagar Road, Judges Bunglow Rd, Bodakdev, Ahmedabad, Gujarat 380015","Vedic Apparel Pvt Ltd, 2B,2nd floor, Sambhav House, Premchandnagar Road, Judges Bunglow Rd, Bodakdev, Ahmedabad, Gujarat 380015"
sea-green-embroidered-cotton-flex-straight-kurta-pant-dupatta-set-10037,,,,,,,Size,M,10037-SEAGREEN-M,700,shopify,10,deny,manual,2599,,TRUE,TRUE,8903629425372,https://raw.githubusercontent.com/shardulpandey/raavedic-product-images/main/10037-sea-green-02.jpg,2,"Sea Green Embroidered Cotton Flex Straight Kurta Pant Dupatta Set, view 2",,,,g,,,,,,,,,,,,,,,,,
sea-green-embroidered-cotton-flex-straight-kurta-pant-dupatta-set-10037,,,,,,,Size,L,10037-SEAGREEN-L,700,shopify,10,deny,manual,2599,,TRUE,TRUE,8903629425389,https://raw.githubusercontent.com/shardulpandey/raavedic-product-images/main/10037-sea-green-03.jpg,3,"Sea Green Embroidered Cotton Flex Straight Kurta Pant Dupatta Set, view 3",,,,g,,,,,,,,,,,,,,,,,
sea-green-embroidered-cotton-flex-straight-kurta-pant-dupatta-set-10037,,,,,,,Size,XL,10037-SEAGREEN-XL,700,shopify,10,deny,manual,2599,,TRUE,TRUE,8903629425396,https://raw.githubusercontent.com/shardulpandey/raavedic-product-images/main/10037-sea-green-04.jpg,4,"Sea Green Embroidered Cotton Flex Straight Kurta Pant Dupatta Set, view 4",,,,g,,,,,,,,,,,,,,,,,
sea-green-embroidered-cotton-flex-straight-kurta-pant-dupatta-set-10037,,,,,,,Size,XXL,10037-SEAGREEN-XXL,700,shopify,10,deny,manual,2599,,TRUE,TRUE,8903629425402,https://raw.githubusercontent.com/shardulpandey/raavedic-product-images/main/10037-sea-green-05.jpg,5,"Sea Green Embroidered Cotton Flex Straight Kurta Pant Dupatta Set, view 5",,,,g,,,,,,,,,,,,,,,,,
sea-green-embroidered-cotton-flex-straight-kurta-pant-dupatta-set-10037,,,,,,,,,,,,,,,,,,,,https://raw.githubusercontent.com/shardulpandey/raavedic-product-images/main/10037-sea-green-06.jpg,6,"Sea Green Embroidered Cotton Flex Straight Kurta Pant Dupatta Set, view 6",,,,,,,,,,,,,,,,,,,,,
sea-green-embroidered-cotton-flex-straight-kurta-pant-dupatta-set-10037,,,,,,,,,,,,,,,,,,,,https://raw.githubusercontent.com/shardulpandey/raavedic-product-images/main/10037-sea-green-07.jpg,7,"Sea Green Embroidered Cotton Flex Straight Kurta Pant Dupatta Set, view 7",,,,,,,,,,,,,,,,,,,,,
sea-green-embroidered-cotton-flex-straight-kurta-pant-dupatta-set-10037,,,,,,,,,,,,,,,,,,,,https://raw.githubusercontent.com/shardulpandey/raavedic-product-images/main/10037-sea-green-08.jpg,8,"Sea Green Embroidered Cotton Flex Straight Kurta Pant Dupatta Set, view 8",,,,,,,,,,,,,,,,,,,,,
off-white-embroidered-straight-rayon-kurta-pant-dupatta-set,Off White Embroidered Straight Rayon Kurta Pant Dupatta Set,"<p>This elegant Off White Embroidered 3-Piece Kurta Set, crafted from premium rayon fabric for a soft, lightweight, and comfortable feel. The straight-fit kurta showcases intricate multicolor geometric embroidery on the front, adding a sophisticated handcrafted appeal. It is paired with matching rayon straight pants and a beautifully coordinated p each embroidered dupatta with delicate border detailing, creating a timeless ethnic ensemble.</p><h3>Key Features</h3><ul><li><strong>Product Type:</strong> 3-Piece Set</li><li><strong>Colour:</strong> Cream</li><li><strong>Fabric:</strong> Rayon</li><li><strong>Fit:</strong> Straight Fit</li><li><strong>Neckline:</strong> Round Neck</li><li><strong>Sleeves:</strong> Three-Quarter Sleeves</li><li><strong>Bottom:</strong> Straight Rayon Pants</li><li><strong>Dupatta:</strong> Peach Embroidered Dupatta with Decorative Border</li><li><strong>Care Instructions:</strong> Hand Wash Separately or Gentle Machine Wash</li><li><strong>Net Quantity:</strong> 3</li><li><strong>Model Size:</strong> The model (height 5'6) is wearing a size M</li></ul>",Raa Vedic,Kurta Set,"3 Piece Set, Rayon, 2500 to 3500, Under the Neem Trees, Cream, Straight Fit, Embroidered",TRUE,Size,S,10039-CREAM-S,700,shopify,10,deny,manual,2599,,TRUE,TRUE,8903629425662,https://raw.githubusercontent.com/shardulpandey/raavedic-product-images/main/10039-cream-01.jpg,1,"Off White Embroidered Straight Rayon Kurta Pant Dupatta Set, view 1",FALSE,Off White Embroidered Straight Rayon Kurta Pant Dupatta Set | Raa Vedi,"This elegant Off White Embroidered 3-Piece Kurta Set, crafted from premium rayon fabric for a soft, lightweight, and comfortable feel. The straight-fit kurta showcases intricate multicolor geometric embroidery on the front, adding a sophisticated handcrafted appeal. It is paired with matching rayon straight pants and a",g,active,10039,Rayon,Cream,Straight Fit,Round Neck,Three-Quarter Sleeves,Straight Rayon Pants,Peach Embroidered Dupatta with Decorative Border,,,Hand Wash Separately or Gentle Machine Wash,3,The model (height 5'6) is wearing a size M,India,"Vedic Apparel Pvt Ltd, 2B,2nd floor, Sambhav House, Premchandnagar Road, Judges Bunglow Rd, Bodakdev, Ahmedabad, Gujarat 380015","Vedic Apparel Pvt Ltd, 2B,2nd floor, Sambhav House, Premchandnagar Road, Judges Bunglow Rd, Bodakdev, Ahmedabad, Gujarat 380015"
off-white-embroidered-straight-rayon-kurta-pant-dupatta-set,,,,,,,Size,M,10039-CREAM-M,700,shopify,10,deny,manual,2599,,TRUE,TRUE,8903629425679,https://raw.githubusercontent.com/shardulpandey/raavedic-product-images/main/10039-cream-02.jpg,2,"Off White Embroidered Straight Rayon Kurta Pant Dupatta Set, view 2",,,,g,,,,,,,,,,,,,,,,,
off-white-embroidered-straight-rayon-kurta-pant-dupatta-set,,,,,,,Size,L,10039-CREAM-L,700,shopify,10,deny,manual,2599,,TRUE,TRUE,8903629425686,https://raw.githubusercontent.com/shardulpandey/raavedic-product-images/main/10039-cream-03.jpg,3,"Off White Embroidered Straight Rayon Kurta Pant Dupatta Set, view 3",,,,g,,,,,,,,,,,,,,,,,
off-white-embroidered-straight-rayon-kurta-pant-dupatta-set,,,,,,,Size,XL,10039-CREAM-XL,700,shopify,10,deny,manual,2599,,TRUE,TRUE,8903629425693,https://raw.githubusercontent.com/shardulpandey/raavedic-product-images/main/10039-cream-04.jpg,4,"Off White Embroidered Straight Rayon Kurta Pant Dupatta Set, view 4",,,,g,,,,,,,,,,,,,,,,,
off-white-embroidered-straight-rayon-kurta-pant-dupatta-set,,,,,,,Size,XXL,10039-CREAM-XXL,700,shopify,10,deny,manual,2599,,TRUE,TRUE,8903629425709,https://raw.githubusercontent.com/shardulpandey/raavedic-product-images/main/10039-cream-05.jpg,5,"Off White Embroidered Straight Rayon Kurta Pant Dupatta Set, view 5",,,,g,,,,,,,,,,,,,,,,,
off-white-embroidered-straight-rayon-kurta-pant-dupatta-set,,,,,,,,,,,,,,,,,,,,https://raw.githubusercontent.com/shardulpandey/raavedic-product-images/main/10039-cream-06.jpg,6,"Off White Embroidered Straight Rayon Kurta Pant Dupatta Set, view 6",,,,,,,,,,,,,,,,,,,,,
off-white-embroidered-straight-rayon-kurta-pant-dupatta-set,,,,,,,,,,,,,,,,,,,,https://raw.githubusercontent.com/shardulpandey/raavedic-product-images/main/10039-cream-07.jpg,7,"Off White Embroidered Straight Rayon Kurta Pant Dupatta Set, view 7",,,,,,,,,,,,,,,,,,,,,
off-white-embroidered-straight-rayon-kurta-pant-dupatta-set,,,,,,,,,,,,,,,,,,,,https://raw.githubusercontent.com/shardulpandey/raavedic-product-images/main/10039-cream-08.jpg,8,"Off White Embroidered Straight Rayon Kurta Pant Dupatta Set, view 8",,,,,,,,,,,,,,,,,,,,,
white-blue-embroidered-cotton-kurta,White & Blue Embroidered Cotton Kurta,"<p>This elegant White & Blue Embroidered Kurta, crafted from premium cotton fabric for breathable comfort and all-day ease. Designed in a flattering A-line silhouette, this kurta features intricate blue embroidery on the neckline and sleeves, complemented by stylish side tie-up detailing with tassels for a contemporary ethnic look.</p><h3>Key Features</h3><ul><li><strong>Product Type:</strong> Kurta</li><li><strong>Colour:</strong> Blue & White</li><li><strong>Fabric:</strong> Cotton</li><li><strong>Fit:</strong> A-Line Fit</li><li><strong>Neckline:</strong> Round V-Neck</li><li><strong>Sleeves:</strong> Three-Quarter Sleeves</li><li><strong>Care Instructions:</strong> Gentle Machine Wash or Hand Wash Separately</li><li><strong>Net Quantity:</strong> 1</li><li><strong>Model Size:</strong> The model (height 5'6) is wearing a size M</li></ul>",Raa Vedic,Kurta,"Kurta, Cotton, 1500 to 2500, Under the Neem Trees, Blue & White, Blue, White, A Line, Embroidered",TRUE,Size,S,10019-BLUEWHIT-S,320,shopify,10,deny,manual,1799,,TRUE,TRUE,8903629425464,https://raw.githubusercontent.com/shardulpandey/raavedic-product-images/main/10019-blue-and-white-01.jpg,1,"White & Blue Embroidered Cotton Kurta, view 1",FALSE,White & Blue Embroidered Cotton Kurta | Raa Vedic,"This elegant White & Blue Embroidered Kurta, crafted from premium cotton fabric for breathable comfort and all-day ease. Designed in a flattering A-line silhouette, this kurta features intricate blue embroidery on the neckline and sleeves, complemented by stylish side tie-up detailing with tassels for a contemporary et",g,active,10019,Cotton,Blue & White,A-Line Fit,Round V-Neck,Three-Quarter Sleeves,,,,,Gentle Machine Wash or Hand Wash Separately,1,The model (height 5'6) is wearing a size M,India,"Vedic Apparel Pvt Ltd, 2B,2nd floor, Sambhav House, Premchandnagar Road, Judges Bunglow Rd, Bodakdev, Ahmedabad, Gujarat 380015","Vedic Apparel Pvt Ltd, 2B,2nd floor, Sambhav House, Premchandnagar Road, Judges Bunglow Rd, Bodakdev, Ahmedabad, Gujarat 380015"
white-blue-embroidered-cotton-kurta,,,,,,,Size,M,10019-BLUEWHIT-M,320,shopify,10,deny,manual,1799,,TRUE,TRUE,8903629425471,https://raw.githubusercontent.com/shardulpandey/raavedic-product-images/main/10019-blue-and-white-02.jpg,2,"White & Blue Embroidered Cotton Kurta, view 2",,,,g,,,,,,,,,,,,,,,,,
white-blue-embroidered-cotton-kurta,,,,,,,Size,L,10019-BLUEWHIT-L,320,shopify,10,deny,manual,1799,,TRUE,TRUE,8903629425488,https://raw.githubusercontent.com/shardulpandey/raavedic-product-images/main/10019-blue-and-white-03.jpg,3,"White & Blue Embroidered Cotton Kurta, view 3",,,,g,,,,,,,,,,,,,,,,,
white-blue-embroidered-cotton-kurta,,,,,,,Size,XL,10019-BLUEWHIT-XL,320,shopify,10,deny,manual,1799,,TRUE,TRUE,8903629425495,https://raw.githubusercontent.com/shardulpandey/raavedic-product-images/main/10019-blue-and-white-04.jpg,4,"White & Blue Embroidered Cotton Kurta, view 4",,,,g,,,,,,,,,,,,,,,,,
white-blue-embroidered-cotton-kurta,,,,,,,Size,XXL,10019-BLUEWHIT-XXL,320,shopify,10,deny,manual,1799,,TRUE,TRUE,8903629425501,https://raw.githubusercontent.com/shardulpandey/raavedic-product-images/main/10019-blue-and-white-05.jpg,5,"White & Blue Embroidered Cotton Kurta, view 5",,,,g,,,,,,,,,,,,,,,,,
white-blue-embroidered-cotton-kurta,,,,,,,,,,,,,,,,,,,,https://raw.githubusercontent.com/shardulpandey/raavedic-product-images/main/10019-blue-and-white-06.jpg,6,"White & Blue Embroidered Cotton Kurta, view 6",,,,,,,,,,,,,,,,,,,,,
white-blue-embroidered-cotton-kurta,,,,,,,,,,,,,,,,,,,,https://raw.githubusercontent.com/shardulpandey/raavedic-product-images/main/10019-blue-and-white-07.jpg,7,"White & Blue Embroidered Cotton Kurta, view 7",,,,,,,,,,,,,,,,,,,,,
white-blue-embroidered-cotton-kurta,,,,,,,,,,,,,,,,,,,,https://raw.githubusercontent.com/shardulpandey/raavedic-product-images/main/10019-blue-and-white-08.jpg,8,"White & Blue Embroidered Cotton Kurta, view 8",,,,,,,,,,,,,,,,,,,,,
white-blue-embroidered-cotton-kurta,,,,,,,,,,,,,,,,,,,,https://raw.githubusercontent.com/shardulpandey/raavedic-product-images/main/10019-blue-and-white-09.jpg,9,"White & Blue Embroidered Cotton Kurta, view 9",,,,,,,,,,,,,,,,,,,,,
sea-green-embroidered-cotton-flex-straight-kurta-pant-dupatta-set-10035,Sea Green Embroidered Cotton Flex Straight Kurta Pant Dupatta Set,"<p>This elegant Sea Green Embroidered 3-Piece Kurta Pant Dupatta Set, crafted from premium Cotton Flex fabric for breathable comfort and a refined look. The straight-fit kurta is beautifully adorned with delicate white embroidery on the front, creating a graceful and sophisticated appeal. Paired with matching straight pants and a lightweight white dupatta, this ensemble is perfect for festive celebrations, office wear, family gatherings, and casual ethnic occasions.</p><h3>Key Features</h3><ul><li><strong>Product Type:</strong> 3-Piece Kurta Pant Dupatta Set</li><li><strong>Colour:</strong> Sea Green</li><li><strong>Fabric:</strong> Cotton Flex</li><li><strong>Fit:</strong> Straight Fit</li><li><strong>Neckline:</strong> V-Neck</li><li><strong>Sleeves:</strong> Three-Quarter Sleeves</li><li><strong>Bottom:</strong> Solid Straight Cotton Flex Pants</li><li><strong>Dupatta:</strong> Lightweight White Dupatta</li><li><strong>Care Instructions:</strong> Gentle Hand Wash or Machine Wash on Delicate Cycle</li><li><strong>Net Quantity:</strong> 3</li><li><strong>Model Size:</strong> The model (height 5'6) is wearing a size M</li></ul>",Raa Vedic,Kurta Set,"3 Piece Set, Cotton Flex, 2500 to 3500, Under the Neem Trees, Sea Green, Straight Fit, Embroidered, Festive, Office Wear, Casual, Family Gatherings",TRUE,Size,S,10035-SEAGREEN-S,700,shopify,10,deny,manual,2599,,TRUE,TRUE,8903629425112,https://raw.githubusercontent.com/shardulpandey/raavedic-product-images/main/10035-sea-green-01.jpg,1,"Sea Green Embroidered Cotton Flex Straight Kurta Pant Dupatta Set, view 1",FALSE,Sea Green Embroidered Cotton Flex Straight Kurta Pant Dupatta Set | Ra,"This elegant Sea Green Embroidered 3-Piece Kurta Pant Dupatta Set, crafted from premium Cotton Flex fabric for breathable comfort and a refined look. The straight-fit kurta is beautifully adorned with delicate white embroidery on the front, creating a graceful and sophisticated appeal. Paired with matching straight pan",g,active,10035,Cotton Flex,Sea Green,Straight Fit,V-Neck,Three-Quarter Sleeves,Solid Straight Cotton Flex Pants,Lightweight White Dupatta,,,Gentle Hand Wash or Machine Wash on Delicate Cycle,3,The model (height 5'6) is wearing a size M,India,"Vedic Apparel Pvt Ltd, 2B,2nd floor, Sambhav House, Premchandnagar Road, Judges Bunglow Rd, Bodakdev, Ahmedabad, Gujarat 380015","Vedic Apparel Pvt Ltd, 2B,2nd floor, Sambhav House, Premchandnagar Road, Judges Bunglow Rd, Bodakdev, Ahmedabad, Gujarat 380015"
sea-green-embroidered-cotton-flex-straight-kurta-pant-dupatta-set-10035,,,,,,,Size,M,10035-SEAGREEN-M,700,shopify,10,deny,manual,2599,,TRUE,TRUE,8903629425129,https://raw.githubusercontent.com/shardulpandey/raavedic-product-images/main/10035-sea-green-02.jpg,2,"Sea Green Embroidered Cotton Flex Straight Kurta Pant Dupatta Set, view 2",,,,g,,,,,,,,,,,,,,,,,
sea-green-embroidered-cotton-flex-straight-kurta-pant-dupatta-set-10035,,,,,,,Size,L,10035-SEAGREEN-L,700,shopify,10,deny,manual,2599,,TRUE,TRUE,8903629425136,https://raw.githubusercontent.com/shardulpandey/raavedic-product-images/main/10035-sea-green-03.jpg,3,"Sea Green Embroidered Cotton Flex Straight Kurta Pant Dupatta Set, view 3",,,,g,,,,,,,,,,,,,,,,,
sea-green-embroidered-cotton-flex-straight-kurta-pant-dupatta-set-10035,,,,,,,Size,XL,10035-SEAGREEN-XL,700,shopify,10,deny,manual,2599,,TRUE,TRUE,8903629425143,https://raw.githubusercontent.com/shardulpandey/raavedic-product-images/main/10035-sea-green-04.jpg,4,"Sea Green Embroidered Cotton Flex Straight Kurta Pant Dupatta Set, view 4",,,,g,,,,,,,,,,,,,,,,,
sea-green-embroidered-cotton-flex-straight-kurta-pant-dupatta-set-10035,,,,,,,Size,XXL,10035-SEAGREEN-XXL,700,shopify,10,deny,manual,2599,,TRUE,TRUE,8903629425150,https://raw.githubusercontent.com/shardulpandey/raavedic-product-images/main/10035-sea-green-05.jpg,5,"Sea Green Embroidered Cotton Flex Straight Kurta Pant Dupatta Set, view 5",,,,g,,,,,,,,,,,,,,,,,
sea-green-embroidered-cotton-flex-straight-kurta-pant-dupatta-set-10035,,,,,,,,,,,,,,,,,,,,https://raw.githubusercontent.com/shardulpandey/raavedic-product-images/main/10035-sea-green-06.jpg,6,"Sea Green Embroidered Cotton Flex Straight Kurta Pant Dupatta Set, view 6",,,,,,,,,,,,,,,,,,,,,
sea-green-embroidered-cotton-flex-straight-kurta-pant-dupatta-set-10035,,,,,,,,,,,,,,,,,,,,https://raw.githubusercontent.com/shardulpandey/raavedic-product-images/main/10035-sea-green-07.jpg,7,"Sea Green Embroidered Cotton Flex Straight Kurta Pant Dupatta Set, view 7",,,,,,,,,,,,,,,,,,,,,
sea-green-embroidered-cotton-flex-straight-kurta-pant-dupatta-set-10035,,,,,,,,,,,,,,,,,,,,https://raw.githubusercontent.com/shardulpandey/raavedic-product-images/main/10035-sea-green-08.jpg,8,"Sea Green Embroidered Cotton Flex Straight Kurta Pant Dupatta Set, view 8",,,,,,,,,,,,,,,,,,,,,
black-floral-printed-georgette-anarkali-gown-for-women,Black Floral Printed Georgette Anarkali Gown for Women,"<p>This Black Floral Printed Georgette Anarkali Gown, designed to make every occasion special. Crafted from lightweight and flowy georgette fabric, this floor-length gown features an all-over floral print in contrasting white, creating a striking and sophisticated look. The flattering Anarkali silhouette offers graceful movement, while the intricately detailed neckline enhances its ethnic charm.</p><h3>Key Features</h3><ul><li><strong>Product Type:</strong> Anarkali Gown</li><li><strong>Colour:</strong> Black</li><li><strong>Fabric:</strong> Georgette</li><li><strong>Fit:</strong> Flared Anarkali Fit</li><li><strong>Pattern:</strong> All-Over Floral Print</li><li><strong>Neckline:</strong> Round Neck with Embellished Placket</li><li><strong>Sleeves:</strong> Three-Quarter Sleeves</li><li><strong>Length:</strong> Floor Length</li><li><strong>Care Instructions:</strong> Gentle Hand Wash or Machine wash</li><li><strong>Net Quantity:</strong> 1</li><li><strong>Model Size:</strong> The model (height 5'6) is wearing a size M</li></ul>",Raa Vedic,Gown,"Gown, Georgette, Above 3500, Under the Neem Trees, Black, Anarkali, Printed, Floral",TRUE,Size,S,6148-BLACK-S,650,shopify,10,deny,manual,3599,,TRUE,TRUE,8903629362059,https://raw.githubusercontent.com/shardulpandey/raavedic-product-images/main/6148-black-01.jpg,1,"Black Floral Printed Georgette Anarkali Gown for Women, view 1",FALSE,Black Floral Printed Georgette Anarkali Gown for Women | Raa Vedic,"This Black Floral Printed Georgette Anarkali Gown, designed to make every occasion special. Crafted from lightweight and flowy georgette fabric, this floor-length gown features an all-over floral print in contrasting white, creating a striking and sophisticated look. The flattering Anarkali silhouette offers graceful m",g,active,6148,Georgette,Black,Flared Anarkali Fit,Round Neck with Embellished Placket,Three-Quarter Sleeves,,,All-Over Floral Print,Floor Length,Gentle Hand Wash or Machine wash,1,The model (height 5'6) is wearing a size M,India,"Vedic Apparel Pvt Ltd, 2B,2nd floor, Sambhav House, Premchandnagar Road, Judges Bunglow Rd, Bodakdev, Ahmedabad, Gujarat 380015","Vedic Apparel Pvt Ltd, 2B,2nd floor, Sambhav House, Premchandnagar Road, Judges Bunglow Rd, Bodakdev, Ahmedabad, Gujarat 380015"
black-floral-printed-georgette-anarkali-gown-for-women,,,,,,,Size,M,6148-BLACK-M,650,shopify,10,deny,manual,3599,,TRUE,TRUE,8903629362066,https://raw.githubusercontent.com/shardulpandey/raavedic-product-images/main/6148-black-02.jpg,2,"Black Floral Printed Georgette Anarkali Gown for Women, view 2",,,,g,,,,,,,,,,,,,,,,,
black-floral-printed-georgette-anarkali-gown-for-women,,,,,,,Size,L,6148-BLACK-L,650,shopify,10,deny,manual,3599,,TRUE,TRUE,8903629362073,https://raw.githubusercontent.com/shardulpandey/raavedic-product-images/main/6148-black-03.jpg,3,"Black Floral Printed Georgette Anarkali Gown for Women, view 3",,,,g,,,,,,,,,,,,,,,,,
black-floral-printed-georgette-anarkali-gown-for-women,,,,,,,Size,XL,6148-BLACK-XL,650,shopify,10,deny,manual,3599,,TRUE,TRUE,8903629362080,https://raw.githubusercontent.com/shardulpandey/raavedic-product-images/main/6148-black-04.jpg,4,"Black Floral Printed Georgette Anarkali Gown for Women, view 4",,,,g,,,,,,,,,,,,,,,,,
black-floral-printed-georgette-anarkali-gown-for-women,,,,,,,Size,XXL,6148-BLACK-XXL,650,shopify,10,deny,manual,3599,,TRUE,TRUE,8903629362097,https://raw.githubusercontent.com/shardulpandey/raavedic-product-images/main/6148-black-05.jpg,5,"Black Floral Printed Georgette Anarkali Gown for Women, view 5",,,,g,,,,,,,,,,,,,,,,,
black-floral-printed-georgette-anarkali-gown-for-women,,,,,,,,,,,,,,,,,,,,https://raw.githubusercontent.com/shardulpandey/raavedic-product-images/main/6148-black-06.jpg,6,"Black Floral Printed Georgette Anarkali Gown for Women, view 6",,,,,,,,,,,,,,,,,,,,,
black-floral-printed-georgette-anarkali-gown-for-women,,,,,,,,,,,,,,,,,,,,https://raw.githubusercontent.com/shardulpandey/raavedic-product-images/main/6148-black-07.jpg,7,"Black Floral Printed Georgette Anarkali Gown for Women, view 7",,,,,,,,,,,,,,,,,,,,,
black-floral-printed-georgette-anarkali-gown-for-women,,,,,,,,,,,,,,,,,,,,https://raw.githubusercontent.com/shardulpandey/raavedic-product-images/main/6148-black-08.jpg,8,"Black Floral Printed Georgette Anarkali Gown for Women, view 8",,,,,,,,,,,,,,,,,,,,,
